Total_Distance,Distance,Altitude,Easting,Northing,Longitude,Latitude,V_max
0,0,669.2,2745686.1,1254300.5,9.369554,47.423378,80
10,10,669.3,2745679.7,1254292.8,9.369466,47.423311,
20,20,669.3,2745673.4,1254285,9.36938,47.423242,
30.1,30.1,669.3,2745667.1,1254277.2,9.369294,47.423173,
40,40,669.2,2745660.8,1254269.5,9.369208,47.423105,
50,50,669.3,2745654.5,1254261.7,9.369122,47.423037,
60,60,669.2,2745648.2,1254254,9.369036,47.422969,
70,70,669.2,2745641.9,1254246.2,9.36895,47.4229,
80,80,669.2,2745635.6,1254238.5,9.368864,47.422832,
90.1,90.1,669.3,2745629.2,1254230.7,9.368777,47.422763,
100,100,669.2,2745622.9,1254223,9.368691,47.422696,
110,110,669.3,2745616.6,1254215.2,9.368605,47.422627,
120.1,120.1,669.3,2745610.3,1254207.4,9.368519,47.422558,
130,130,669.3,2745604,1254199.7,9.368433,47.42249,
140,140,669.3,2745597.7,1254191.9,9.368347,47.422421,
150,150,669.3,2745591.4,1254184.2,9.368261,47.422354,
160.1,160.1,669.3,2745585,1254176.4,9.368174,47.422285,
170,170,669.3,2745578.7,1254168.7,9.368088,47.422217,
180,180,669.3,2745572.4,1254160.9,9.368002,47.422148,
190,190,669.3,2745566.1,1254153.2,9.367916,47.422081,
200,200,669.3,2745559.8,1254145.4,9.36783,47.422012,
210,210,669.3,2745553.5,1254137.6,9.367744,47.421943,
220,220,669.3,2745547.2,1254129.9,9.367658,47.421875,
230,230,669.4,2745540.9,1254122.1,9.367572,47.421806,
240,240,669.4,2745534.5,1254114.4,9.367485,47.421739,
250.1,250.1,669.4,2745528.2,1254106.6,9.367399,47.42167,
260,260,669.5,2745521.9,1254098.9,9.367313,47.421602,
270,270,669.5,2745515.6,1254091.1,9.367227,47.421533,
280,280,669.6,2745509.3,1254083.4,9.367141,47.421465,
290,290,669.7,2745503,1254075.6,9.367055,47.421397,
300,300,669.5,2745496.7,1254067.8,9.366969,47.421328,
310.1,310.1,669.6,2745490.3,1254060.1,9.366881,47.42126,
320.1,320.1,669.6,2745484,1254052.3,9.366795,47.421191,
330,330,669.7,2745477.9,1254044.5,9.366712,47.421123,
340,340,669.7,2745472.1,1254036.3,9.366632,47.42105,
350,350,669.7,2745466.7,1254027.9,9.366558,47.420976,85
360,360,669.8,2745461.3,1254019.5,9.366484,47.420902,
370,370,669.8,2745455.9,1254011.1,9.36641,47.420827,
380,380,669.8,2745450.5,1254002.7,9.366335,47.420753,
390,390,669.8,2745445,1253994.3,9.36626,47.420679,
400,400,669.8,2745439.6,1253985.9,9.366185,47.420604,
410,410,669.9,2745434,1253977.6,9.366109,47.420531,
420,420,670,2745428.1,1253969.5,9.366028,47.420459,
430,430,670,2745422,1253961.6,9.365944,47.42039,
440,440,670.1,2745415.6,1253953.9,9.365857,47.420322,
450,450,670.2,2745409.3,1253946.1,9.365771,47.420253,
460.1,460.1,670.3,2745403,1253938.3,9.365685,47.420184,
470,470,670.4,2745396.7,1253930.6,9.365599,47.420116,
480,480,670.6,2745390.4,1253922.8,9.365513,47.420048,
490.1,490.1,670.7,2745384.1,1253915,9.365427,47.419979,
500,500,670.8,2745377.8,1253907.3,9.365341,47.419911,
510.1,510.1,671,2745371.5,1253899.5,9.365255,47.419842,
520,520,671.1,2745365.2,1253891.8,9.365169,47.419775,
530,530,671.3,2745358.9,1253884,9.365083,47.419706,
540.1,540.1,671.4,2745352.6,1253876.2,9.364997,47.419637,
550,550,671.5,2745346.3,1253868.5,9.364911,47.419569,
560,560,671.6,2745340,1253860.7,9.364825,47.4195,
570.1,570.1,671.9,2745333.7,1253852.9,9.364739,47.419432,
580,580,672,2745327.4,1253845.2,9.364653,47.419364,
590,590,672.1,2745321.1,1253837.4,9.364567,47.419295,
600.1,600.1,672.3,2745314.8,1253829.6,9.364481,47.419226,
610,610,672.4,2745308.5,1253821.9,9.364395,47.419159,
620,620,672.6,2745302.2,1253814.1,9.364309,47.41909,
630,630,672.7,2745295.9,1253806.4,9.364223,47.419022,
640,640,672.8,2745289.6,1253798.6,9.364137,47.418953,
650,650,673,2745283.3,1253790.8,9.364051,47.418885,
660,660,673.2,2745277,1253783.1,9.363965,47.418817,
670,670,673.2,2745270.7,1253775.3,9.363879,47.418748,
680,680,673.4,2745264.4,1253767.5,9.363793,47.418679,
690,690,673.6,2745258.1,1253759.8,9.363707,47.418611,
700,700,673.8,2745251.8,1253752,9.363621,47.418543,
710,710,673.9,2745245.5,1253744.3,9.363535,47.418475,
720,720,673.9,2745239.1,1253736.5,9.363448,47.418406,
730.1,730.1,674,2745232.8,1253728.7,9.363362,47.418337,
740,740,674.1,2745226.5,1253721,9.363276,47.418269,
750,750,674.2,2745220.1,1253713.3,9.363189,47.418202,
760,760,674.4,2745213.7,1253705.7,9.363102,47.418135,
770,770,674.6,2745207.2,1253698.1,9.363013,47.418068,
780,780,674.7,2745200.6,1253690.5,9.362923,47.418001,
790,790,674.9,2745193.9,1253683.1,9.362832,47.417936,
800,800,674.8,2745187.1,1253675.8,9.36274,47.417872,
810,810,674.9,2745180.2,1253668.6,9.362646,47.417809,
820,820,675.1,2745173.1,1253661.5,9.362549,47.417746,
830.1,830.1,675.4,2745165.9,1253654.5,9.362452,47.417685,
840,840,675.3,2745158.6,1253647.7,9.362353,47.417625,
850,850,675.5,2745151.1,1253641.1,9.362251,47.417568,
860,860,675.7,2745143.5,1253634.6,9.362149,47.417511,
870,870,675.9,2745135.8,1253628.2,9.362045,47.417455,
880.1,880.1,676,2745127.9,1253622,9.361938,47.417401,
890.1,890.1,676,2745120,1253615.9,9.361831,47.417348,
900,900,676.1,2745112,1253610,9.361723,47.417297,
910,910,676.3,2745103.9,1253604.1,9.361614,47.417245,
920,920,676.4,2745095.8,1253598.2,9.361505,47.417194,
930,930,676.4,2745087.7,1253592.4,9.361396,47.417144,
940,940,676.5,2745079.6,1253586.5,9.361286,47.417092,
950.1,950.1,676.5,2745071.4,1253580.7,9.361176,47.417042,
960,960,676.4,2745063.3,1253574.9,9.361067,47.416992,
970.1,970.1,676.4,2745055.1,1253569.1,9.360956,47.416941,
980,980,676.4,2745047,1253563.4,9.360847,47.416892,
990,990,676.4,2745038.7,1253557.7,9.360735,47.416843,
1000.1,1000.1,676.5,2745030.4,1253552.1,9.360624,47.416794,
1010,1010,676.4,2745022.1,1253546.6,9.360512,47.416746,
1020,1020,676.4,2745013.7,1253541.2,9.360399,47.4167,
1030,1030,676.4,2745005.2,1253535.9,9.360284,47.416654,130
1040,1040,676.3,2744996.7,1253530.6,9.36017,47.416608,
1050,1050,676.3,2744988.2,1253525.4,9.360056,47.416563,
1060,1060,676.4,2744979.6,1253520.3,9.35994,47.416519,
1070,1070,676.2,2744971,1253515.1,9.359825,47.416474,
1080,1080,676.2,2744962.5,1253509.9,9.35971,47.41643,
1090,1090,676.1,2744953.9,1253504.8,9.359595,47.416386,
1093.9,1093.9,676.1,2744950.55,1253502.75,9.35955,47.416368,
1097.9,1097.9,676.1,2744947.2,1253500.7,9.359505,47.41635,
1107.8,9.9,676,2744938.7,1253495.6,9.35939,47.416306,
1117.9,20,675.9,2744930.1,1253490.4,9.359275,47.416261,
1127.9,30,675.9,2744921.5,1253485.2,9.359159,47.416216,
1137.9,40,675.8,2744913,1253480,9.359045,47.416172,
1147.9,50,675.7,2744904.4,1253474.9,9.358929,47.416128,
1157.8,59.9,675.6,2744895.9,1253469.7,9.358815,47.416083,
1167.9,70,675.6,2744887.3,1253464.5,9.358699,47.416038,
1177.9,80,675.4,2744878.8,1253459.3,9.358585,47.415993,
1187.8,89.9,675.4,2744870.3,1253454.1,9.358471,47.415948,
1197.9,100,675.3,2744861.7,1253448.8,9.358355,47.415902,
1207.9,110,675,2744853.2,1253443.6,9.358241,47.415857,
1217.8,119.9,675.1,2744844.7,1253438.4,9.358127,47.415813,
1227.9,130,674.9,2744836.2,1253433.1,9.358012,47.415767,
1237.8,139.9,674.8,2744827.7,1253427.9,9.357898,47.415722,
1247.9,150,674.7,2744819.1,1253422.7,9.357783,47.415677,
1257.9,160,674.5,2744810.6,1253417.4,9.357668,47.415631,
1267.9,170,674.5,2744802.1,1253412.2,9.357554,47.415586,
1277.9,180,674.5,2744793.6,1253406.9,9.35744,47.415541,
1287.8,189.9,674.2,2744785.1,1253401.7,9.357325,47.415496,
1297.8,199.9,674.2,2744776.6,1253396.5,9.357211,47.415451,
1307.9,210,674.1,2744768,1253391.3,9.357095,47.415406,
1317.8,219.9,673.9,2744759.5,1253386.1,9.356981,47.415361,
1327.9,230,673.8,2744750.9,1253380.9,9.356866,47.415316,
1337.9,240,673.7,2744742.3,1253375.7,9.35675,47.415271,
1347.9,250,673.7,2744733.7,1253370.6,9.356634,47.415227,
1357.9,260,673.5,2744725.1,1253365.5,9.356519,47.415183,
1367.9,270,673.4,2744716.5,1253360.5,9.356403,47.41514,
1377.9,280,673.3,2744707.8,1253355.5,9.356286,47.415097,
1387.9,290,673.3,2744699.1,1253350.6,9.35617,47.415055,
1397.9,300,673,2744690.4,1253345.7,9.356053,47.415013,
1407.9,310,673,2744681.7,1253340.8,9.355936,47.414971,
1417.9,320,672.9,2744672.9,1253336,9.355818,47.41493,
1427.9,330,672.7,2744664.1,1253331.3,9.3557,47.414889,
1437.9,340,672.7,2744655.2,1253326.6,9.35558,47.414849,
1447.9,350,672.7,2744646.4,1253322,9.355462,47.41481,
1457.8,359.9,672.4,2744637.5,1253317.5,9.355343,47.414771,
1467.9,370,672.3,2744628.5,1253313,9.355222,47.414733,
1477.9,380,672.3,2744619.6,1253308.5,9.355103,47.414694,
1487.9,390,672.2,2744610.6,1253304.1,9.354982,47.414657,
1497.9,400,671.9,2744601.6,1253299.8,9.354862,47.41462,
1507.9,410,671.8,2744592.5,1253295.5,9.35474,47.414583,
1517.8,419.9,671.8,2744583.5,1253291.3,9.354619,47.414547,
1527.8,429.9,671.6,2744574.4,1253287.2,9.354497,47.414513,
1537.8,439.9,671.6,2744565.3,1253283.1,9.354375,47.414478,
1547.9,450,671.4,2744556.1,1253279,9.354252,47.414443,
1557.9,460,671.3,2744546.9,1253275,9.354129,47.414409,
1567.9,470,671.3,2744537.7,1253271.1,9.354006,47.414376,
1577.9,480,671,2744528.5,1253267.3,9.353883,47.414344,
1587.9,490,671,2744519.3,1253263.4,9.35376,47.414311,
1597.9,500,670.8,2744510,1253259.7,9.353635,47.414279,
1607.9,510,670.8,2744500.7,1253256,9.353511,47.414248,
1617.8,519.9,670.7,2744491.4,1253252.4,9.353386,47.414218,
1627.9,530,670.6,2744482,1253248.8,9.353261,47.414188,
1637.8,539.9,670.4,2744472.7,1253245.3,9.353136,47.414158,
1647.8,549.9,670.2,2744463.3,1253241.9,9.353011,47.41413,
1657.8,559.9,670.2,2744453.9,1253238.5,9.352885,47.414101,
1667.9,570,670.1,2744444.4,1253235.1,9.352758,47.414073,
1677.9,580,669.9,2744435,1253231.9,9.352633,47.414046,
1687.9,590,669.9,2744425.5,1253228.7,9.352506,47.414019,
1697.9,600,669.7,2744416,1253225.5,9.352379,47.413993,
1707.9,610,669.7,2744406.5,1253222.4,9.352252,47.413967,
1717.9,620,669.5,2744397,1253219.4,9.352125,47.413942,
1727.9,630,669.5,2744387.4,1253216.4,9.351997,47.413917,
1737.9,640,669.3,2744377.9,1253213.5,9.35187,47.413893,
1747.9,650,669.3,2744368.3,1253210.7,9.351742,47.41387,
1757.9,660,669.1,2744358.7,1253207.9,9.351614,47.413847,
1767.8,669.9,669,2744349.1,1253205.2,9.351486,47.413825,
1777.9,680,668.9,2744339.4,1253202.5,9.351357,47.413803,
1787.8,689.9,668.8,2744329.8,1253199.9,9.351229,47.413781,
1797.9,700,668.8,2744320.1,1253197.3,9.3511,47.41376,
1807.9,710,668.7,2744310.4,1253194.7,9.35097,47.413739,
1817.8,719.9,668.5,2744300.8,1253192.2,9.350842,47.413718,
1827.9,730,668.5,2744291.1,1253189.6,9.350713,47.413697,
1837.9,740,668.4,2744281.4,1253187.1,9.350584,47.413677,
1847.9,750,668.2,2744271.8,1253184.5,9.350456,47.413655,
1857.9,760,668.2,2744262.1,1253181.9,9.350326,47.413634,
1867.9,770,668.2,2744252.5,1253179.2,9.350198,47.413612,
1877.8,779.9,668.1,2744242.9,1253176.5,9.35007,47.41359,
1887.8,789.9,668,2744233.3,1253173.7,9.349942,47.413567,
1897.8,799.9,668.1,2744223.7,1253170.9,9.349814,47.413544,
1907.9,810,667.8,2744214.1,1253167.9,9.349686,47.413519,
1917.9,820,667.9,2744204.6,1253164.9,9.349559,47.413494,
1927.9,830,667.7,2744195.1,1253161.8,9.349432,47.413468,
1937.9,840,667.5,2744185.6,1253158.5,9.349305,47.413441,
1947.9,850,667.5,2744176.2,1253155.1,9.34918,47.413412,
1957.8,859.9,667.4,2744166.9,1253151.6,9.349055,47.413383,
1967.9,870,667.2,2744157.5,1253148,9.34893,47.413352,
1977.9,880,667.3,2744148.2,1253144.3,9.348805,47.413321,
1987.9,890,667.2,2744139,1253140.5,9.348682,47.413289,
1997.9,900,666.9,2744129.8,1253136.6,9.348559,47.413256,
2007.8,909.9,667.1,2744120.7,1253132.5,9.348437,47.413221,
2017.8,919.9,666.7,2744111.6,1253128.4,9.348315,47.413186,
2027.9,930,666.7,2744102.5,1253124.1,9.348194,47.413149,
2037.9,940,666.6,2744093.5,1253119.7,9.348073,47.413112,
2047.8,949.9,666.5,2744084.6,1253115.3,9.347954,47.413074,
2057.9,960,666.4,2744075.7,1253110.7,9.347834,47.413035,
2067.9,970,666.3,2744066.8,1253106.1,9.347715,47.412995,
2077.8,979.9,666.2,2744058,1253101.4,9.347597,47.412955,
2087.9,990,666.1,2744049.2,1253096.6,9.347479,47.412914,
2097.9,1000,666,2744040.5,1253091.7,9.347362,47.412872,
2107.8,1009.9,666,2744031.8,1253086.8,9.347245,47.41283,
2117.8,1019.9,665.9,2744023.1,1253081.9,9.347128,47.412787,
2127.9,1030,665.8,2744014.4,1253076.9,9.347011,47.412744,
2137.9,1040,665.7,2744005.8,1253071.8,9.346896,47.4127,
2147.9,1050,665.7,2743997.1,1253066.8,9.346779,47.412657,
2157.9,1060,665.5,2743988.5,1253061.7,9.346663,47.412613,
2167.8,1069.9,665.5,2743980,1253056.6,9.346549,47.412569,
2177.9,1080,665.3,2743971.4,1253051.4,9.346434,47.412524,
2187.9,1090,665.2,2743962.8,1253046.2,9.346318,47.41248,
2197.9,1100,665.1,2743954.3,1253041,9.346204,47.412435,
2207.9,1110,665,2743945.8,1253035.7,9.346089,47.412389,
2217.9,1120,664.9,2743937.3,1253030.4,9.345975,47.412343,
2227.8,1129.9,664.9,2743928.9,1253025.1,9.345862,47.412297,
2237.9,1140,664.7,2743920.4,1253019.7,9.345748,47.412251,
2247.9,1150,664.7,2743912,1253014.3,9.345635,47.412204,
2257.9,1160,664.6,2743903.6,1253008.9,9.345522,47.412157,
2267.9,1170,664.4,2743895.2,1253003.4,9.345409,47.41211,
2277.8,1179.9,664.4,2743886.9,1252998,9.345297,47.412063,
2287.9,1190,664.3,2743878.5,1252992.5,9.345184,47.412015,
2297.9,1200,664.1,2743870.1,1252987,9.345071,47.411968,
2307.9,1210,664,2743861.8,1252981.5,9.344959,47.41192,
2317.9,1220,663.9,2743853.4,1252976,9.344846,47.411872,
2327.9,1230,663.9,2743845,1252970.6,9.344733,47.411826,
2337.8,1239.9,663.7,2743836.7,1252965.1,9.344621,47.411778,
2347.9,1250,663.5,2743828.3,1252959.6,9.344508,47.41173,
2357.8,1259.9,663.6,2743820,1252954.1,9.344397,47.411683,
2367.9,1270,663.5,2743811.6,1252948.6,9.344284,47.411635,
2377.9,1280,663.4,2743803.2,1252943.1,9.344171,47.411587,
2387.9,1290,663.1,2743794.9,1252937.6,9.344059,47.41154,
2397.9,1300,663.2,2743786.5,1252932.1,9.343946,47.411492,
2407.8,1309.9,663,2743778.2,1252926.7,9.343834,47.411445,
2417.9,1320,663,2743769.8,1252921.2,9.343721,47.411398,
2427.9,1330,662.8,2743761.4,1252915.7,9.343608,47.41135,
2437.9,1340,662.7,2743753.1,1252910.2,9.343496,47.411303,
2447.9,1350,662.7,2743744.7,1252904.7,9.343383,47.411255,
2457.9,1360,662.4,2743736.4,1252899.2,9.343272,47.411207,
2467.9,1370,662.3,2743728,1252893.7,9.343159,47.41116,
2477.9,1380,662.3,2743719.6,1252888.3,9.343046,47.411113,
2487.8,1389.9,662.3,2743711.3,1252882.8,9.342934,47.411065,
2497.9,1400,662.1,2743702.9,1252877.3,9.342821,47.411018,
2507.8,1409.9,661.9,2743694.6,1252871.8,9.342709,47.41097,
2517.9,1420,662,2743686.2,1252866.3,9.342596,47.410922,
2527.9,1430,661.8,2743677.8,1252860.8,9.342483,47.410875,
2537.9,1440,661.7,2743669.5,1252855.3,9.342371,47.410827,
2547.9,1450,661.5,2743661.1,1252849.8,9.342258,47.41078,
2557.8,1459.9,661.5,2743652.8,1252844.4,9.342147,47.410733,
2567.9,1470,661.4,2743644.4,1252838.9,9.342034,47.410685,
2577.9,1480,661.2,2743636,1252833.4,9.341921,47.410638,
2587.9,1490,661.1,2743627.7,1252827.9,9.341809,47.41059,
2597.9,1500,661.1,2743619.3,1252822.4,9.341696,47.410542,
2607.9,1510,661,2743611,1252816.9,9.341584,47.410495,
2617.9,1520,660.8,2743602.6,1252811.4,9.341471,47.410447,
2627.9,1530,660.8,2743594.2,1252806,9.341358,47.4104,
2637.8,1539.9,660.7,2743585.9,1252800.5,9.341247,47.410353,
2647.9,1550,660.6,2743577.5,1252795,9.341133,47.410305,
2657.8,1559.9,660.4,2743569.2,1252789.5,9.341022,47.410257,
2667.9,1570,660.4,2743560.8,1252784,9.340909,47.41021,
2677.9,1580,660.3,2743552.4,1252778.5,9.340796,47.410162,
2687.9,1590,660.1,2743544.1,1252773,9.340684,47.410115,
2697.9,1600,660.1,2743535.7,1252767.5,9.340571,47.410067,
2707.8,1609.9,660,2743527.4,1252762.1,9.340459,47.41002,
2717.9,1620,660,2743519,1252756.6,9.340346,47.409973,
2727.9,1630,659.7,2743510.6,1252751.1,9.340233,47.409925,
2737.8,1639.9,659.6,2743502.3,1252745.6,9.340122,47.409877,
2747.9,1650,659.6,2743493.9,1252740.1,9.340009,47.40983,
2757.8,1659.9,659.5,2743485.6,1252734.6,9.339897,47.409782,
2767.9,1670,659.4,2743477.2,1252729.1,9.339784,47.409734,
2777.9,1680,659.2,2743468.8,1252723.7,9.339671,47.409688,
2787.8,1689.9,659.3,2743460.5,1252718.2,9.339559,47.40964,
2797.9,1700,659,2743452.1,1252712.7,9.339446,47.409592,
2807.8,1709.9,659,2743443.8,1252707.2,9.339334,47.409545,
2817.9,1720,658.8,2743435.4,1252701.7,9.339221,47.409497,
2827.9,1730,658.8,2743427,1252696.2,9.339108,47.40945,
2837.9,1740,658.7,2743418.7,1252690.7,9.338997,47.409402,
2847.9,1750,658.5,2743410.3,1252685.2,9.338884,47.409354,
2857.9,1760,658.4,2743401.9,1252679.8,9.338771,47.409308,
2867.8,1769.9,658.3,2743393.6,1252674.3,9.338659,47.40926,
2877.9,1780,658.3,2743385.2,1252668.8,9.338546,47.409212,
2887.8,1789.9,658.1,2743376.9,1252663.3,9.338434,47.409165,
2897.9,1800,658,2743368.5,1252657.8,9.338321,47.409117,
2907.9,1810,658,2743360.1,1252652.3,9.338208,47.409069,
2917.9,1820,657.9,2743351.8,1252646.8,9.338096,47.409022,
2927.9,1830,657.7,2743343.4,1252641.4,9.337983,47.408975,
2937.8,1839.9,657.6,2743335.1,1252635.9,9.337872,47.408927,
2947.9,1850,657.6,2743326.7,1252630.4,9.337759,47.40888,
2957.9,1860,657.4,2743318.3,1252624.9,9.337646,47.408832,
2967.9,1870,657.2,2743310,1252619.4,9.337534,47.408784,
2977.8,1879.9,657.3,2743301.6,1252614,9.337421,47.408738,
2987.9,1890,657.3,2743293.1,1252608.6,9.337307,47.408691,
2997.9,1900,657,2743284.7,1252603.3,9.337194,47.408645,
3007.9,1910,657,2743276.1,1252598.1,9.337078,47.4086,
3017.9,1920,657,2743267.5,1252593,9.336963,47.408556,
3027.8,1929.9,656.9,2743258.9,1252588,9.336847,47.408513,
3037.9,1940,656.4,2743250.1,1252583.1,9.336729,47.408471,
3047.9,1950,656.7,2743241.3,1252578.4,9.336611,47.408431,
3057.9,1960,656.3,2743232.4,1252573.9,9.336492,47.408392,
3067.8,1969.9,656.1,2743223.4,1252569.6,9.336371,47.408356,
3077.9,1980,656.1,2743214.3,1252565.4,9.336249,47.40832,
3087.9,1990,655.9,2743205.1,1252561.5,9.336126,47.408287,
3097.8,1999.9,655.8,2743195.9,1252557.7,9.336003,47.408255,
3107.9,2010,656.2,2743186.5,1252554,9.335877,47.408223,
3117.9,2020,655.9,2743177.1,1252550.6,9.335752,47.408195,
3127.9,2030,655.5,2743167.7,1252547.3,9.335626,47.408167,
3137.8,2039.9,655.6,2743158.2,1252544.3,9.335499,47.408142,
3147.9,2050,655.3,2743148.6,1252541.4,9.335371,47.408118,
3157.8,2059.9,655.4,2743139,1252538.7,9.335243,47.408096,
3167.9,2070,655.5,2743129.3,1252536.1,9.335114,47.408075,
3177.9,2080,655,2743119.6,1252533.6,9.334985,47.408054,
3187.9,2090,655,2743109.9,1252531.2,9.334855,47.408035,
3197.8,2099.9,654.9,2743100.2,1252529,9.334726,47.408017,
3207.9,2110,654.9,2743090.4,1252526.7,9.334596,47.407999,
3217.8,2119.9,654.8,2743080.7,1252524.6,9.334467,47.407982,
3227.9,2130,654.8,2743070.9,1252522.4,9.334336,47.407964,
3237.9,2140,654.7,2743061.1,1252520.3,9.334206,47.407948,
3247.8,2149.9,654.6,2743051.4,1252518.2,9.334076,47.407931,
3257.9,2160,654.5,2743041.6,1252516,9.333946,47.407913,
3267.9,2170,654.3,2743031.8,1252513.9,9.333815,47.407896,
3277.9,2180,654.2,2743022,1252511.8,9.333685,47.40788,
3287.9,2190,654.1,2743012.3,1252509.6,9.333556,47.407862,
3297.9,2200,654,2743002.5,1252507.5,9.333425,47.407845,
3307.9,2210,654,2742992.7,1252505.3,9.333295,47.407828,
3317.8,2219.9,653.9,2742983,1252503.2,9.333166,47.407811,
3327.9,2230,653.9,2742973.2,1252501.1,9.333035,47.407794,
3337.9,2240,653.7,2742963.4,1252498.9,9.332905,47.407776,
3347.8,2249.9,653.4,2742953.7,1252496.8,9.332776,47.40776,
3357.9,2260,653.4,2742943.9,1252494.7,9.332645,47.407743,
3367.9,2270,653.3,2742934.1,1252492.5,9.332515,47.407725,
3377.9,2280,653.2,2742924.3,1252490.4,9.332384,47.407708,
3387.9,2290,653.1,2742914.6,1252488.2,9.332255,47.407691,
3397.9,2300,653,2742904.8,1252486,9.332124,47.407673,
3407.9,2310,652.7,2742895.1,1252483.8,9.331995,47.407655,
3417.9,2320,652.7,2742885.4,1252481.4,9.331866,47.407636,
3427.9,2330,652.7,2742875.7,1252478.9,9.331737,47.407616,
3437.9,2340,652.6,2742866,1252476.3,9.331607,47.407594,
3447.9,2350,652.4,2742856.4,1252473.6,9.331479,47.407572,
3457.9,2360,652.4,2742846.8,1252470.7,9.331351,47.407548,
3467.9,2370,652.3,2742837.3,1252467.7,9.331225,47.407523,
3477.9,2380,652.3,2742827.8,1252464.6,9.331098,47.407497,
3487.8,2389.9,652.2,2742818.4,1252461.3,9.330972,47.40747,
3497.9,2400,652,2742808.9,1252457.9,9.330845,47.407441,
3507.9,2410,652,2742799.6,1252454.4,9.330721,47.407412,
3517.8,2419.9,651.9,2742790.3,1252450.8,9.330597,47.407381,
3527.9,2430,651.8,2742781,1252447,9.330472,47.407349,
3537.9,2440,651.7,2742771.8,1252443.1,9.330349,47.407316,
3547.9,2450,651.7,2742762.6,1252439.1,9.330226,47.407282,
3557.9,2460,651.6,2742753.5,1252435,9.330104,47.407247,
3567.9,2470,651.6,2742744.5,1252430.7,9.329984,47.407211,
3577.9,2480,651.4,2742735.5,1252426.3,9.329863,47.407173,
3587.8,2489.9,651.4,2742726.6,1252421.8,9.329744,47.407135,
3590.5,2492.6,651.4,2742724.2,1252420.6,9.329711,47.407124,
3600.5,10,651.4,2742715.3,1252416,9.329592,47.407085,
3610.5,20,651.3,2742706.6,1252411.2,9.329475,47.407044,
3620.5,30,651.3,2742697.9,1252406.2,9.329359,47.407,
3630.5,40,651.2,2742689.2,1252401.2,9.329242,47.406957,
3640.5,50,651.2,2742680.7,1252396,9.329127,47.406912,
3650.5,60,651.3,2742672.2,1252390.7,9.329013,47.406867,
3660.5,70,651.3,2742663.8,1252385.3,9.3289,47.40682,
3670.5,80,651.2,2742655.4,1252379.8,9.328787,47.406772,
3680.5,90,651.2,2742647.2,1252374.1,9.328677,47.406723,
3690.5,100,651.2,2742639.1,1252368.3,9.328568,47.406672,
3700.5,110,651.2,2742631,1252362.4,9.328458,47.406621,
3710.5,120,651.2,2742623.1,1252356.3,9.328352,47.406568,
3720.4,129.9,651.2,2742615.3,1252350.1,9.328247,47.406514,
3730.5,140,651.2,2742607.5,1252343.7,9.328141,47.406458,
3740.5,150,651.2,2742599.9,1252337.2,9.328039,47.406401,
3750.5,160,651.1,2742592.4,1252330.6,9.327937,47.406344,
3760.5,170,651.1,2742585.1,1252323.8,9.327838,47.406284,
3770.5,180,651.1,2742577.8,1252317,9.327739,47.406224,
3780.5,190,651.1,2742570.7,1252310,9.327643,47.406163,
3790.5,200,651.1,2742563.6,1252302.9,9.327547,47.406101,
3800.5,210,650.9,2742556.6,1252295.7,9.327452,47.406038,
3810.5,220,651.1,2742549.7,1252288.5,9.327358,47.405974,
3820.5,230,650.9,2742542.9,1252281.2,9.327266,47.40591,
3830.5,240,651.1,2742536,1252273.9,9.327172,47.405846,
3840.5,250,651,2742529.2,1252266.6,9.32708,47.405782,
3850.6,260.1,651,2742522.4,1252259.2,9.326987,47.405717,
3860.5,270,650.8,2742515.6,1252251.9,9.326895,47.405653,
3870.5,280,650.6,2742508.8,1252244.6,9.326802,47.405588,
3880.5,290,650.8,2742502.1,1252237.2,9.326711,47.405523,
3890.5,300,650.8,2742495.3,1252229.9,9.326619,47.405459,
3900.5,310,650.8,2742488.5,1252222.5,9.326527,47.405394,
3910.5,320,650.6,2742481.7,1252215.2,9.326434,47.40533,
3920.5,330,650.5,2742474.9,1252207.9,9.326342,47.405266,
3930.5,340,650.5,2742468,1252200.6,9.326248,47.405202,
3940.5,350,650.4,2742461.2,1252193.3,9.326156,47.405137,
3950.5,360,650.3,2742454.3,1252186.1,9.326062,47.405074,
3960.5,370,650.2,2742447.3,1252178.9,9.325967,47.405011,
3970.5,380,650.2,2742440.2,1252171.9,9.325871,47.40495,
3980.5,390,650.1,2742433,1252164.9,9.325773,47.404888,
3990.5,400,650.2,2742425.8,1252158,9.325676,47.404828,
4000.5,410,650,2742418.4,1252151.2,9.325575,47.404768,
4010.5,420,649.8,2742410.9,1252144.6,9.325474,47.40471,
4020.5,430,650,2742403.3,1252138.2,9.325371,47.404655,
4030.6,440.1,649.8,2742395.5,1252131.8,9.325266,47.404599,
4040.5,450,649.7,2742387.7,1252125.7,9.325161,47.404545,
4050.5,460,649.7,2742379.7,1252119.6,9.325053,47.404492,
4060.5,470,649.6,2742371.6,1252113.8,9.324944,47.404442,
4070.5,480,649.9,2742363.4,1252108.1,9.324833,47.404392,
4080.5,490,649.6,2742355.1,1252102.5,9.324721,47.404344,
4090.5,500,649.5,2742346.6,1252097.1,9.324607,47.404297,
4100.5,510,649.5,2742338.1,1252091.9,9.324493,47.404252,
4110.5,520,649.6,2742329.5,1252086.8,9.324377,47.404208,
4120.5,530,649.4,2742320.8,1252081.9,9.324261,47.404166,
4130.5,540,649.3,2742312,1252077.2,9.324143,47.404126,
4140.4,549.9,649.4,2742303.1,1252072.7,9.324023,47.404087,
4150.5,560,649.4,2742294.1,1252068.3,9.323903,47.40405,
4160.5,570,649.6,2742285,1252064.1,9.323781,47.404014,
4170.5,580,649.5,2742275.9,1252060,9.323659,47.403979,
4180.5,590,649.6,2742266.6,1252056.2,9.323535,47.403947,
4190.5,600,649.6,2742257.3,1252052.5,9.32341,47.403916,140
4200.5,610,649.6,2742248,1252049,9.323286,47.403886,
4210.5,620,649.6,2742238.6,1252045.6,9.32316,47.403858,
4220.5,630,649.6,2742229.1,1252042.3,9.323034,47.40383,
4230.5,640,649.6,2742219.6,1252039.2,9.322907,47.403804,
4240.5,650,649.6,2742210.1,1252036.2,9.32278,47.403779,
4250.5,660,649.6,2742200.5,1252033.3,9.322652,47.403755,
4260.5,670,649.6,2742190.9,1252030.4,9.322524,47.403731,
4270.6,680.1,649.6,2742181.3,1252027.5,9.322396,47.403707,
4280.6,690.1,649.6,2742171.7,1252024.7,9.322268,47.403684,
4290.5,700,649.6,2742162.2,1252021.9,9.322141,47.403661,
4300.5,710,649.6,2742152.6,1252019.1,9.322013,47.403638,
4310.5,720,649.6,2742143,1252016.3,9.321885,47.403615,
4320.5,730,649.6,2742133.4,1252013.5,9.321757,47.403592,
4330.5,740,649.6,2742123.8,1252010.7,9.321629,47.403568,
4340.5,750,649.6,2742114.2,1252007.8,9.321501,47.403544,
4350.5,760,649.6,2742104.6,1252005,9.321373,47.403521,
4360.5,770,649.6,2742095,1252002.2,9.321245,47.403498,
4370.5,780,649.6,2742085.4,1251999.4,9.321117,47.403475,
4380.5,790,649.6,2742075.8,1251996.6,9.320989,47.403452,
4390.5,800,649.6,2742066.2,1251993.8,9.320861,47.403429,
4400.5,810,649.6,2742056.6,1251991.1,9.320733,47.403407,
4410.6,820.1,649.5,2742046.9,1251988.3,9.320603,47.403384,
4420.5,830,649.4,2742037.3,1251985.6,9.320475,47.403361,
4430.5,840,649.5,2742027.7,1251983,9.320347,47.40334,
4440.5,850,649.5,2742018,1251980.3,9.320218,47.403318,
4450.5,860,649.5,2742008.4,1251977.8,9.32009,47.403298,
4460.5,870,649.6,2741998.7,1251975.2,9.319961,47.403276,
4470.5,880,649.7,2741989,1251972.7,9.319832,47.403256,
4480.5,890,649.6,2741979.3,1251970.2,9.319702,47.403236,
4490.5,900,649.7,2741969.7,1251967.7,9.319574,47.403215,
4500.5,910,649.9,2741959.9,1251965.3,9.319444,47.403196,
4510.5,920,649.9,2741950.2,1251962.9,9.319315,47.403176,
4520.5,930,650,2741940.5,1251960.5,9.319185,47.403157,
4530.5,940,650,2741930.8,1251958.2,9.319056,47.403138,
4540.5,950,650.1,2741921.1,1251955.9,9.318927,47.403119,
4550.5,960,650.1,2741911.3,1251953.6,9.318796,47.403101,
4560.5,970,650.2,2741901.6,1251951.3,9.318667,47.403082,
4570.5,980,650.3,2741891.9,1251949,9.318538,47.403064,
4580.5,990,650.4,2741882.1,1251946.8,9.318408,47.403046,
4590.5,1000,650.4,2741872.4,1251944.6,9.318278,47.403028,
4600.5,1010,650.5,2741862.6,1251942.4,9.318148,47.403011,
4610.5,1020,650.6,2741852.9,1251940.2,9.318019,47.402993,
4620.5,1030,650.7,2741843.1,1251938,9.317888,47.402975,
4630.5,1040,650.7,2741833.3,1251935.9,9.317758,47.402959,
4640.5,1050,650.8,2741823.5,1251933.8,9.317627,47.402942,
4650.5,1060,650.9,2741813.8,1251931.7,9.317498,47.402925,
4660.5,1070,650.9,2741803.9,1251929.8,9.317367,47.40291,
4670.5,1080,651,2741794.1,1251927.9,9.317236,47.402895,
4680.5,1090,651.2,2741784.3,1251926.1,9.317106,47.402881,
4690.5,1100,651.3,2741774.5,1251924.3,9.316975,47.402867,
4700.5,1110,651.4,2741764.6,1251922.7,9.316844,47.402855,
4710.5,1120,651.3,2741754.7,1251921.1,9.316712,47.402842,
4720.5,1130,651.3,2741744.8,1251919.7,9.316581,47.402832,
4730.5,1140,651.5,2741734.9,1251918.3,9.316449,47.402822,
4740.5,1150,651.5,2741725,1251917.1,9.316318,47.402813,
4750.5,1160,651.5,2741715.1,1251915.9,9.316186,47.402804,
4760.5,1170,651.7,2741705.1,1251914.9,9.316053,47.402797,
4770.5,1180,651.6,2741695.2,1251913.9,9.315922,47.40279,
4780.5,1190,651.8,2741685.2,1251913,9.315789,47.402785,
4790.5,1200,651.9,2741675.2,1251912.3,9.315657,47.40278,
4800.5,1210,651.8,2741665.2,1251911.6,9.315524,47.402776,
4810.5,1220,652.1,2741655.3,1251911,9.315393,47.402773,
4820.5,1230,652.1,2741645.3,1251910.5,9.31526,47.402771,
4830.5,1240,652.2,2741635.3,1251910,9.315127,47.402768,
4840.5,1250,652.2,2741625.3,1251909.6,9.314995,47.402767,
4850.5,1260,652.3,2741615.3,1251909.2,9.314862,47.402765,
4860.5,1270,652.5,2741605.3,1251908.9,9.31473,47.402765,
4870.5,1280,652.6,2741595.3,1251908.5,9.314597,47.402763,
4880.5,1290,652.5,2741585.3,1251908.1,9.314465,47.402762,
4890.5,1300,652.6,2741575.3,1251907.8,9.314332,47.402761,
4900.5,1310,652.7,2741565.3,1251907.4,9.314199,47.40276,
4910.5,1320,652.8,2741555.3,1251907.1,9.314067,47.402759,
4920.6,1330.1,652.8,2741545.3,1251906.7,9.313934,47.402758,
4930.5,1340,653,2741535.4,1251906.4,9.313803,47.402757,
4940.5,1350,653,2741525.4,1251906,9.313671,47.402756,
4950.5,1360,653,2741515.4,1251905.6,9.313538,47.402755,
4960.5,1370,653.1,2741505.4,1251905.3,9.313405,47.402754,
4970.5,1380,653.1,2741495.4,1251904.9,9.313273,47.402753,
4980.5,1390,653.2,2741485.4,1251904.6,9.31314,47.402752,
4990.5,1400,653.2,2741475.4,1251904.2,9.313008,47.402751,
5000.5,1410,653.2,2741465.4,1251903.9,9.312875,47.40275,
5010.5,1420,653.2,2741455.4,1251903.5,9.312743,47.402749,
5020.5,1430,653.2,2741445.4,1251903.1,9.31261,47.402747,
5030.5,1440,653.3,2741435.4,1251902.8,9.312478,47.402747,
5040.5,1450,653.2,2741425.4,1251902.4,9.312345,47.402745,
5050.5,1460,653.2,2741415.4,1251902.1,9.312213,47.402745,
5060.5,1470,653.2,2741405.4,1251901.7,9.31208,47.402743,
5070.5,1480,653.2,2741395.4,1251901.4,9.311947,47.402743,
5080.6,1490.1,653.3,2741385.4,1251901,9.311815,47.402741,
5090.5,1500,653.3,2741375.5,1251900.6,9.311684,47.40274,
5100.5,1510,653.3,2741365.5,1251900.3,9.311551,47.402739,
5110.5,1520,653.2,2741355.5,1251899.9,9.311419,47.402738,
5120.5,1530,653.2,2741345.5,1251899.6,9.311286,47.402737,
5130.5,1540,653.2,2741335.5,1251899.2,9.311153,47.402736,
5140.5,1550,653.3,2741325.5,1251898.9,9.311021,47.402735,
5150.5,1560,653.3,2741315.5,1251898.5,9.310888,47.402734,
5160.5,1570,653.3,2741305.5,1251898.1,9.310756,47.402732,
5170.5,1580,653.2,2741295.5,1251897.8,9.310623,47.402732,
5180.5,1590,653.2,2741285.5,1251897.4,9.310491,47.40273,
5190.5,1600,653.2,2741275.5,1251897.1,9.310358,47.40273,
5200.5,1610,653.3,2741265.5,1251896.7,9.310226,47.402728,
5210.5,1620,653.2,2741255.5,1251896.4,9.310093,47.402728,
5220.5,1630,653.2,2741245.5,1251896,9.30996,47.402726,
5230.6,1640.1,653.2,2741235.5,1251895.6,9.309828,47.402725,
5240.6,1650.1,653.2,2741225.5,1251895.3,9.309695,47.402724,
5250.5,1660,653.3,2741215.6,1251894.9,9.309564,47.402723,
5260.5,1670,653.3,2741205.6,1251894.6,9.309432,47.402722,
5270.5,1680,653.3,2741195.6,1251894.2,9.309299,47.402721,
5280.5,1690,653.2,2741185.6,1251893.9,9.309167,47.40272,
5290.5,1700,653.2,2741175.6,1251893.5,9.309034,47.402719,
5300.5,1710,653.3,2741165.6,1251893.1,9.308901,47.402717,
5310.5,1720,653.3,2741155.6,1251892.8,9.308769,47.402717,
5320.5,1730,653.3,2741145.6,1251892.4,9.308636,47.402715,
5330.5,1740,653.3,2741135.6,1251892.1,9.308504,47.402715,
5340.5,1750,653.2,2741125.6,1251891.8,9.308371,47.402714,
5350.5,1760,653.2,2741115.6,1251891.6,9.308239,47.402714,
5360.5,1770,653.2,2741105.6,1251891.4,9.308106,47.402715,
5370.5,1780,653.2,2741095.6,1251891.3,9.307974,47.402716,
5380.5,1790,653.2,2741085.6,1251891.2,9.307841,47.402717,
5390.5,1800,653.1,2741075.6,1251891.3,9.307709,47.40272,
5400.5,1810,653.1,2741065.6,1251891.5,9.307577,47.402724,
5410.5,1820,653.1,2741055.6,1251891.8,9.307444,47.402729,
5420.5,1830,653.5,2741045.6,1251892.3,9.307312,47.402736,
5430.5,1840,653.2,2741035.7,1251892.9,9.307181,47.402743,
5440.5,1850,653.2,2741025.7,1251893.7,9.307049,47.402753,
5450.5,1860,653.4,2741015.7,1251894.6,9.306917,47.402763,
5460.5,1870,653.1,2741005.8,1251895.7,9.306786,47.402775,
5470.5,1880,653.2,2740995.9,1251896.9,9.306655,47.402788,
5480.5,1890,653.4,2740986,1251898.3,9.306524,47.402802,
5490.5,1900,653.1,2740976.1,1251899.8,9.306394,47.402818,
5500.5,1910,653.2,2740966.2,1251901.5,9.306263,47.402835,
5510.5,1920,653.2,2740956.4,1251903.3,9.306134,47.402854,
5520.5,1930,653.1,2740946.6,1251905.3,9.306005,47.402874,
5530.5,1940,653.1,2740936.8,1251907.4,9.305876,47.402895,
5540.5,1950,653.1,2740927.1,1251909.6,9.305748,47.402917,
5550.6,1960.1,653.3,2740917.3,1251912,9.305619,47.40294,
5560.5,1970,653.3,2740907.7,1251914.5,9.305493,47.402965,
5570.5,1980,653.2,2740898,1251917.1,9.305365,47.40299,
5580.5,1990,653.2,2740888.4,1251919.8,9.305239,47.403017,
5590.5,2000,653.3,2740878.8,1251922.5,9.305112,47.403043,
5600.5,2010,653.3,2740869.2,1251925.3,9.304986,47.40307,
5610.5,2020,653.4,2740859.6,1251928.2,9.30486,47.403098,
5620.5,2030,653.3,2740850,1251931.1,9.304734,47.403126,
5630.5,2040,653.4,2740840.4,1251933.9,9.304607,47.403154,
5640.4,2049.9,653.5,2740830.9,1251936.8,9.304482,47.403182,
5650.5,2060,653.6,2740821.3,1251939.7,9.304356,47.40321,
5660.5,2070,653.6,2740811.7,1251942.6,9.30423,47.403238,
5670.5,2080,653.7,2740802.1,1251945.5,9.304104,47.403266,
5680.5,2090,653.7,2740792.6,1251948.4,9.303979,47.403294,
5690.5,2100,653.8,2740783,1251951.3,9.303853,47.403322,
5700.5,2110,653.8,2740773.4,1251954.2,9.303726,47.403351,
5710.6,2120.1,653.9,2740763.8,1251957.1,9.3036,47.403379,
5720.5,2130,653.9,2740754.3,1251960,9.303475,47.403407,
5730.5,2140,653.9,2740744.7,1251962.9,9.303349,47.403435,
5740.5,2150,654,2740735.1,1251965.8,9.303223,47.403463,
5750.5,2160,654.1,2740725.6,1251968.7,9.303098,47.403491,
5760.5,2170,654.2,2740716,1251971.6,9.302972,47.403519,
5770.5,2180,654.3,2740706.4,1251974.5,9.302845,47.403547,
5780.6,2190.1,654.3,2740696.8,1251977.4,9.302719,47.403576,
5790.5,2200,654.4,2740687.3,1251980.3,9.302594,47.403604,
5800.5,2210,654.4,2740677.7,1251983.1,9.302468,47.403631,
5810.5,2220,654.5,2740668.1,1251986,9.302342,47.403659,
5820.5,2230,654.5,2740658.6,1251988.9,9.302217,47.403687,
5830.5,2240,654.5,2740649,1251991.8,9.302091,47.403715,
5840.5,2250,654.6,2740639.4,1251994.7,9.301964,47.403743,
5850.5,2260,654.6,2740629.8,1251997.6,9.301838,47.403772,
5860.5,2270,654.6,2740620.3,1252000.5,9.301713,47.4038,
5870.5,2280,654.6,2740610.7,1252003.4,9.301587,47.403828,
5880.5,2290,654.6,2740601.1,1252006.3,9.301461,47.403856,
5890.6,2300.1,654.7,2740591.5,1252009.2,9.301335,47.403884,
5900.5,2310,654.7,2740582,1252012.1,9.30121,47.403912,
5910.5,2320,654.8,2740572.4,1252015,9.301084,47.40394,
5920.5,2330,654.6,2740562.8,1252017.9,9.300957,47.403968,
5926.2,2335.7,654.6,2740557.4,1252019.5,9.300886,47.403984,
5936.1,9.9,654.7,2740547.9,1252022.4,9.300761,47.404012,
5946.2,20,654.7,2740538.3,1252025.3,9.300635,47.40404,
5956.2,30,654.6,2740528.7,1252028.2,9.300509,47.404068,
5966.2,40,654.7,2740519.1,1252031.1,9.300383,47.404096,
5976.2,50,654.6,2740509.6,1252034,9.300258,47.404124,
5986.2,60,654.6,2740500,1252036.9,9.300132,47.404153,
5996.2,70,654.6,2740490.4,1252039.8,9.300005,47.404181,
6006.1,79.9,654.6,2740480.9,1252042.7,9.29988,47.404209,
6016.2,90,654.6,2740471.3,1252045.6,9.299754,47.404237,
6026.2,100,654.6,2740461.7,1252048.4,9.299628,47.404264,
6036.2,110,654.6,2740452.1,1252051.3,9.299502,47.404292,
6046.1,119.9,654.7,2740442.6,1252054.2,9.299377,47.40432,
6056.2,130,654.6,2740433,1252057.1,9.299251,47.404349,
6066.2,140,654.6,2740423.4,1252060,9.299124,47.404377,
6076.2,150,654.6,2740413.8,1252062.9,9.298998,47.404405,
6086.1,159.9,654.6,2740404.3,1252065.8,9.298873,47.404433,
6096.2,170,654.6,2740394.7,1252068.7,9.298747,47.404461,
6106.2,180,654.6,2740385.1,1252071.6,9.298621,47.404489,
6116.1,189.9,654.7,2740375.6,1252074.5,9.298496,47.404517,
6126.2,200,654.7,2740366,1252077.4,9.29837,47.404545,
6136.2,210,654.7,2740356.4,1252080.3,9.298243,47.404573,
6146.2,220,654.6,2740346.8,1252083.2,9.298117,47.404602,
6156.2,230,654.6,2740337.3,1252086.1,9.297992,47.40463,
6166.2,240,654.7,2740327.7,1252089,9.297866,47.404658,
6176.2,250,654.6,2740318.1,1252091.9,9.29774,47.404686,
6186.1,259.9,654.6,2740308.6,1252094.7,9.297615,47.404713,
6196.1,269.9,654.6,2740299,1252097.6,9.297488,47.404741,
6206.2,280,654.6,2740289.4,1252100.5,9.297362,47.404769,
6216.2,290,654.6,2740279.8,1252103.4,9.297236,47.404797,
6226.1,299.9,654.6,2740270.3,1252106.3,9.297111,47.404826,
6236.2,310,654.5,2740260.7,1252109.2,9.296985,47.404854,
6246.2,320,654.6,2740251.1,1252112.1,9.296859,47.404882,
6256.1,329.9,654.5,2740241.6,1252115,9.296734,47.40491,
6266.2,340,654.5,2740232,1252117.9,9.296607,47.404938,
6276.2,350,654.4,2740222.4,1252120.8,9.296481,47.404966,
6286.2,360,654.4,2740212.8,1252123.7,9.296355,47.404994,
6296.1,369.9,654.3,2740203.3,1252126.6,9.29623,47.405022,
6306.2,380,654.3,2740193.7,1252129.5,9.296104,47.405051,
6316.2,390,654.2,2740184.1,1252132.4,9.295978,47.405079,
6326.2,400,654.2,2740174.5,1252135.3,9.295851,47.405107,
6336.2,410,654.2,2740165,1252138.2,9.295726,47.405135,
6346.2,420,654.1,2740155.4,1252141,9.2956,47.405162,
6356.2,430,654,2740145.8,1252143.9,9.295474,47.40519,
6366.1,439.9,654,2740136.3,1252146.8,9.295349,47.405218,
6376.2,450,653.9,2740126.7,1252149.7,9.295223,47.405246,
6386.2,460,653.9,2740117.1,1252152.6,9.295097,47.405275,
6396.2,470,653.7,2740107.5,1252155.5,9.29497,47.405303,
6406.1,479.9,653.8,2740098,1252158.4,9.294845,47.405331,
6416.2,490,653.7,2740088.4,1252161.3,9.294719,47.405359,
6426.2,500,653.7,2740078.8,1252164.2,9.294593,47.405387,
6436.1,509.9,653.6,2740069.3,1252167.1,9.294468,47.405415,
6446.2,520,653.5,2740059.7,1252170,9.294342,47.405443,
6456.2,530,653.5,2740050.1,1252172.9,9.294216,47.405471,
6466.2,540,653.3,2740040.5,1252175.8,9.294089,47.405499,
6476.1,549.9,653.3,2740031,1252178.7,9.293964,47.405528,
6486.2,560,653.2,2740021.4,1252181.6,9.293838,47.405556,
6496.2,570,653.1,2740011.8,1252184.5,9.293712,47.405584,
6506.2,580,653.1,2740002.2,1252187.4,9.293586,47.405612,
6516.1,589.9,653,2739992.7,1252190.2,9.293461,47.405639,
6526.2,600,653,2739983.1,1252193.1,9.293335,47.405667,
6536.2,610,652.8,2739973.5,1252196,9.293208,47.405695,
6546.1,619.9,652.8,2739964,1252198.9,9.293083,47.405723,
6556.2,630,652.7,2739954.4,1252201.8,9.292957,47.405752,
6566.2,640,652.8,2739944.8,1252204.7,9.292831,47.40578,
6576.2,650,652.6,2739935.2,1252207.6,9.292705,47.405808,
6586.1,659.9,652.6,2739925.7,1252210.5,9.29258,47.405836,
6596.2,670,652.6,2739916.1,1252213.4,9.292453,47.405864,
6606.2,680,652.6,2739906.5,1252216.3,9.292327,47.405892,
6616.1,689.9,652.6,2739897,1252219.2,9.292202,47.40592,
6626.2,700,652.6,2739887.4,1252222.1,9.292076,47.405948,
6636.2,710,652.6,2739877.8,1252225,9.29195,47.405976,
6646.2,720,652.5,2739868.2,1252227.9,9.291824,47.406005,
6656.2,730,652.5,2739858.7,1252230.8,9.291699,47.406033,
6666.2,740,652.5,2739849.1,1252233.7,9.291572,47.406061,
6676.2,750,652.5,2739839.5,1252236.5,9.291446,47.406088,
6686.2,760,652.5,2739829.9,1252239.4,9.29132,47.406116,
6696.1,769.9,652.5,2739820.4,1252242.3,9.291195,47.406144,
6706.2,780,652.5,2739810.8,1252245.2,9.291069,47.406172,
6716.2,790,652.5,2739801.2,1252248.1,9.290943,47.4062,
6726.1,799.9,652.4,2739791.7,1252251,9.290818,47.406228,
6736.2,810,652.4,2739782.1,1252253.9,9.290691,47.406257,
6746.2,820,652.3,2739772.5,1252256.8,9.290565,47.406285,
6756.2,830,652.3,2739762.9,1252259.7,9.290439,47.406313,
6766.2,840,652.3,2739753.4,1252262.6,9.290314,47.406341,
6776.2,850,652.2,2739743.8,1252265.5,9.290188,47.406369,
6786.2,860,652.2,2739734.2,1252268.4,9.290061,47.406397,
6796.1,869.9,652.1,2739724.7,1252271.3,9.289937,47.406425,
6806.2,880,652.1,2739715.1,1252274.2,9.28981,47.406453,
6816.2,890,652,2739705.5,1252277.1,9.289684,47.406481,
6826.2,900,652,2739695.9,1252280,9.289558,47.40651,
6836.1,909.9,651.9,2739686.4,1252282.8,9.289433,47.406537,
6846.2,920,651.9,2739676.8,1252285.7,9.289307,47.406565,
6856.2,930,651.8,2739667.2,1252288.6,9.28918,47.406593,
6866.1,939.9,651.8,2739657.7,1252291.5,9.289055,47.406621,
6876.1,949.9,651.8,2739648.1,1252294.4,9.288929,47.406649,
6886.2,960,651.7,2739638.5,1252297.3,9.288803,47.406677,
6896.2,970,651.7,2739628.9,1252300.2,9.288677,47.406705,
6906.1,979.9,651.6,2739619.4,1252303.1,9.288552,47.406734,
6916.2,990,651.6,2739609.8,1252306,9.288426,47.406762,
6926.2,1000,651.5,2739600.2,1252308.9,9.288299,47.40679,
6936.2,1010,651.5,2739590.6,1252311.8,9.288173,47.406818,
6946.2,1020,651.4,2739581.1,1252314.7,9.288048,47.406846,
6956.2,1030,651.4,2739571.5,1252317.6,9.287922,47.406874,
6966.2,1040,651.3,2739561.9,1252320.5,9.287796,47.406902,
6976.1,1049.9,651.3,2739552.4,1252323.4,9.287671,47.40693,
6986.2,1060,651.3,2739542.8,1252326.3,9.287545,47.406958,
6996.2,1070,651.2,2739533.2,1252329.1,9.287418,47.406986,
7006.2,1080,651.2,2739523.6,1252332,9.287292,47.407014,
7016.1,1089.9,651.1,2739514.1,1252334.9,9.287167,47.407042,
7026.2,1100,651,2739504.5,1252337.8,9.287041,47.40707,
7036.2,1110,650.9,2739494.9,1252340.7,9.286915,47.407098,
7046.1,1119.9,650.9,2739485.4,1252343.6,9.28679,47.407126,
7056.2,1130,650.8,2739475.8,1252346.5,9.286663,47.407154,
7066.2,1140,650.9,2739466.2,1252349.4,9.286537,47.407182,
7076.2,1150,650.8,2739456.6,1252352.3,9.286411,47.40721,
7086.1,1159.9,650.8,2739447.1,1252355.2,9.286286,47.407238,
7096.2,1170,650.7,2739437.5,1252358.1,9.28616,47.407267,
7106.2,1180,650.6,2739427.9,1252361,9.286033,47.407295,
7116.2,1190,650.5,2739418.3,1252363.9,9.285907,47.407323,
7126.2,1200,650.4,2739408.8,1252366.8,9.285782,47.407351,
7136.2,1210,650.4,2739399.2,1252369.7,9.285656,47.407379,
7146.2,1220,650.3,2739389.6,1252372.6,9.28553,47.407407,
7156.2,1230,650.2,2739380.1,1252375.5,9.285405,47.407435,
7166.2,1240,650.3,2739370.5,1252378.3,9.285279,47.407462,
7176.2,1250,650.2,2739360.9,1252381.2,9.285152,47.407491,
7186.2,1260,650.2,2739351.3,1252384.1,9.285026,47.407519,
7196.1,1269.9,650.1,2739341.8,1252387,9.284901,47.407547,
7206.2,1280,650,2739332.2,1252389.9,9.284775,47.407575,
7216.2,1290,650,2739322.6,1252392.8,9.284649,47.407603,
7226.1,1299.9,649.9,2739313.1,1252395.7,9.284524,47.407631,
7236.2,1310,649.8,2739303.5,1252398.6,9.284398,47.407659,
7246.2,1320,649.8,2739293.9,1252401.5,9.284271,47.407687,
7256.2,1330,649.8,2739284.3,1252404.4,9.284145,47.407715,
7266.1,1339.9,649.7,2739274.8,1252407.3,9.28402,47.407743,
7276.2,1350,649.7,2739265.2,1252410.2,9.283894,47.407772,
7286.2,1360,649.6,2739255.6,1252413.1,9.283768,47.4078,
7296.1,1369.9,649.6,2739246.1,1252416,9.283643,47.407828,
7306.2,1380,649.5,2739236.5,1252418.9,9.283516,47.407856,
7316.2,1390,649.4,2739226.9,1252421.8,9.28339,47.407884,
7326.2,1400,649.3,2739217.3,1252424.6,9.283264,47.407911,
7336.1,1409.9,649.3,2739207.8,1252427.5,9.283139,47.407939,
7346.2,1420,649.3,2739198.2,1252430.4,9.283013,47.407967,
7356.2,1430,649.2,2739188.6,1252433.3,9.282886,47.407995,
7366.2,1440,649.2,2739179,1252436.2,9.28276,47.408024,
7376.1,1449.9,649.1,2739169.5,1252439.1,9.282635,47.408052,
7386.2,1460,649,2739159.9,1252442,9.282509,47.40808,
7396.2,1470,648.9,2739150.3,1252444.9,9.282383,47.408108,
7406.1,1479.9,648.9,2739140.8,1252447.8,9.282258,47.408136,
7416.2,1490,648.9,2739131.2,1252450.7,9.282132,47.408164,
7426.2,1500,648.8,2739121.6,1252453.6,9.282005,47.408192,
7436.2,1510,648.8,2739112,1252456.5,9.281879,47.40822,
7446.2,1520,648.8,2739102.5,1252459.4,9.281754,47.408248,
7456.2,1530,648.7,2739092.9,1252462.3,9.281628,47.408276,
7466.2,1540,648.6,2739083.3,1252465.2,9.281502,47.408305,
7476.1,1549.9,648.6,2739073.8,1252468.1,9.281377,47.408333,
7486.1,1559.9,648.5,2739064.2,1252470.9,9.28125,47.40836,
7496.2,1570,648.4,2739054.6,1252473.8,9.281124,47.408388,
7506.2,1580,648.4,2739045,1252476.7,9.280998,47.408416,
7516.1,1589.9,648.3,2739035.5,1252479.6,9.280873,47.408444,
7526.2,1600,648.2,2739025.9,1252482.5,9.280747,47.408472,
7536.2,1610,648.2,2739016.3,1252485.4,9.280621,47.4085,
7546.2,1620,648.1,2739006.7,1252488.3,9.280494,47.408528,
7556.2,1630,648.1,2738997.2,1252491.2,9.280369,47.408557,
7566.2,1640,648.1,2738987.6,1252494.1,9.280243,47.408585,
7576.2,1650,647.9,2738978,1252497,9.280117,47.408613,
7586.1,1659.9,648,2738968.5,1252499.9,9.279992,47.408641,
7596.2,1670,647.9,2738958.9,1252502.8,9.279866,47.408669,
7606.2,1680,647.9,2738949.3,1252505.7,9.279739,47.408697,
7616.2,1690,647.7,2738939.7,1252508.6,9.279613,47.408725,
7626.2,1700,647.7,2738930.2,1252511.5,9.279488,47.408753,
7636.2,1710,647.7,2738920.6,1252514.4,9.279362,47.408781,
7646.2,1720,647.7,2738911,1252517.3,9.279236,47.408809,
7656.1,1729.9,647.6,2738901.5,1252520.1,9.279111,47.408837,
7666.1,1739.9,647.5,2738891.9,1252523,9.278984,47.408865,
7676.2,1750,647.5,2738882.3,1252525.9,9.278858,47.408893,
7686.2,1760,647.4,2738872.7,1252528.8,9.278732,47.408921,
7696.1,1769.9,647.4,2738863.2,1252531.7,9.278607,47.408949,
7706.2,1780,647.3,2738853.6,1252534.6,9.278481,47.408977,
7716.2,1790,647.3,2738844,1252537.5,9.278355,47.409005,
7726.2,1800,647.3,2738834.4,1252540.4,9.278228,47.409033,
7736.2,1810,647.2,2738824.9,1252543.3,9.278103,47.409061,
7746.2,1820,647.2,2738815.3,1252546.2,9.277977,47.409089,
7756.2,1830,647.1,2738805.7,1252549.1,9.277851,47.409118,
7766.1,1839.9,647.1,2738796.2,1252552,9.277726,47.409146,
7776.2,1850,647,2738786.6,1252554.9,9.2776,47.409174,
7786.2,1860,647,2738777,1252557.8,9.277473,47.409202,
7796.2,1870,646.9,2738767.4,1252560.7,9.277347,47.40923,
7806.2,1880,646.8,2738757.9,1252563.6,9.277222,47.409258,
7816.2,1890,646.9,2738748.3,1252566.4,9.277096,47.409285,
7826.2,1900,646.8,2738738.7,1252569.3,9.27697,47.409313,
7836.1,1909.9,646.7,2738729.2,1252572.2,9.276845,47.409341,
7846.2,1920,646.7,2738719.6,1252575.1,9.276718,47.409369,
7856.2,1930,646.6,2738710,1252578,9.276592,47.409398,
7866.2,1940,646.5,2738700.4,1252580.9,9.276466,47.409426,
7876.1,1949.9,646.6,2738690.9,1252583.8,9.276341,47.409454,
7886.2,1960,646.4,2738681.3,1252586.7,9.276215,47.409482,
7896.2,1970,646.4,2738671.7,1252589.6,9.276089,47.40951,
7906.1,1979.9,646.4,2738662.2,1252592.5,9.275964,47.409538,
7916.2,1990,646.3,2738652.6,1252595.4,9.275837,47.409566,
7926.2,2000,646.3,2738643,1252598.3,9.275711,47.409594,
7936.2,2010,646.2,2738633.4,1252601.2,9.275585,47.409622,
7946.2,2020,646.2,2738623.9,1252604.1,9.27546,47.40965,
7956.2,2030,646.1,2738614.3,1252607,9.275334,47.409678,
7966.2,2040,646.1,2738604.7,1252609.9,9.275207,47.409707,
7976.2,2050,646,2738595.1,1252612.8,9.275081,47.409735,
7986.1,2059.9,646,2738585.6,1252615.6,9.274956,47.409762,
7996.2,2070,646,2738576,1252618.5,9.27483,47.40979,
8006.2,2080,645.9,2738566.4,1252621.4,9.274704,47.409818,
8016.1,2089.9,645.8,2738556.9,1252624.3,9.274579,47.409846,
8026.2,2100,645.8,2738547.3,1252627.2,9.274452,47.409874,
8036.2,2110,645.7,2738537.7,1252630.1,9.274326,47.409902,
8046.2,2120,645.6,2738528.1,1252633,9.2742,47.40993,
8056.1,2129.9,645.7,2738518.6,1252635.9,9.274075,47.409958,
8066.2,2140,645.5,2738509,1252638.8,9.273949,47.409987,
8076.2,2150,645.6,2738499.4,1252641.7,9.273822,47.410015,
8086.1,2159.9,645.5,2738489.9,1252644.6,9.273698,47.410043,
8096.2,2170,645.5,2738480.3,1252647.5,9.273571,47.410071,
8106.2,2180,645.5,2738470.7,1252650.4,9.273445,47.410099,
8116.2,2190,645.4,2738461.1,1252653.3,9.273319,47.410127,
8126.2,2200,645.3,2738451.6,1252656.2,9.273194,47.410155,
8136.2,2210,645.2,2738442,1252659.1,9.273068,47.410183,
8146.2,2220,645.2,2738432.4,1252661.9,9.272941,47.41021,
8156.2,2230,645.1,2738422.8,1252664.8,9.272815,47.410238,
8166.1,2239.9,645.1,2738413.3,1252667.7,9.27269,47.410267,
8176.2,2250,645,2738403.7,1252670.6,9.272564,47.410295,
8186.2,2260,645.1,2738394.1,1252673.5,9.272438,47.410323,
8196.1,2269.9,645,2738384.6,1252676.4,9.272313,47.410351,
8206.2,2280,645,2738375,1252679.3,9.272186,47.410379,
8216.2,2290,644.9,2738365.4,1252682.2,9.27206,47.410407,
8226.2,2300,644.9,2738355.8,1252685.1,9.271934,47.410435,
8236.2,2310,644.9,2738346.2,1252687.9,9.271807,47.410462,
8246.2,2320,644.7,2738336.6,1252690.7,9.271681,47.410489,
8256.2,2330,644.7,2738327,1252693.5,9.271555,47.410517,
8266.2,2340,644.6,2738317.4,1252696.2,9.271429,47.410543,
8276.2,2350,644.5,2738307.8,1252698.9,9.271302,47.410569,
8286.1,2359.9,644.5,2738298.2,1252701.6,9.271176,47.410596,
8296.2,2370,644.3,2738288.5,1252704.2,9.271048,47.410621,
8306.1,2379.9,644.2,2738278.9,1252706.8,9.270922,47.410646,
8316.2,2390,644.2,2738269.2,1252709.4,9.270794,47.410672,
8326.2,2400,644.1,2738259.5,1252712,9.270667,47.410697,
8336.1,2409.9,643.9,2738249.9,1252714.5,9.27054,47.410722,
8346.2,2420,643.8,2738240.2,1252717.1,9.270412,47.410747,
8356.2,2430,643.8,2738230.5,1252719.6,9.270285,47.410772,
8366.2,2440,643.7,2738220.8,1252722.2,9.270157,47.410797,
8376.2,2450,643.5,2738211.2,1252724.7,9.270031,47.410822,
8386.2,2460,643.5,2738201.5,1252727.2,9.269903,47.410846,
8396.2,2470,643.4,2738191.8,1252729.8,9.269775,47.410871,
8406.1,2479.9,643.3,2738182.2,1252732.3,9.269649,47.410896,
8416.2,2490,643.1,2738172.5,1252734.9,9.269521,47.410921,
8426.2,2500,643.1,2738162.8,1252737.4,9.269394,47.410946,
8436.2,2510,642.9,2738153.1,1252739.9,9.269266,47.41097,
8446.2,2520,642.8,2738143.5,1252742.5,9.269139,47.410996,
8456.2,2530,642.7,2738133.8,1252745,9.269012,47.41102,
8466.2,2540,642.6,2738124.1,1252747.5,9.268884,47.411045,
8476.2,2550,642.5,2738114.4,1252750.1,9.268756,47.41107,
8486.2,2560,642.4,2738104.8,1252752.6,9.26863,47.411095,
8496.2,2570,642.2,2738095.1,1252755.2,9.268502,47.41112,
8506.2,2580,642.1,2738085.4,1252757.7,9.268375,47.411145,
8516.1,2589.9,642,2738075.8,1252760.2,9.268248,47.411169,
8526.2,2600,641.9,2738066.1,1252762.8,9.26812,47.411195,
8536.2,2610,641.8,2738056.4,1252765.3,9.267993,47.411219,
8546.2,2620,641.6,2738046.7,1252767.9,9.267865,47.411245,
8556.2,2630,641.6,2738037.1,1252770.4,9.267739,47.411269,
8566.2,2640,641.5,2738027.4,1252772.9,9.267611,47.411294,
8576.2,2650,641.3,2738017.7,1252775.5,9.267483,47.411319,
8586.1,2659.9,641.3,2738008.1,1252778,9.267357,47.411343,
8596.2,2670,641.3,2737998.4,1252780.6,9.267229,47.411369,
8606.2,2680,641.2,2737988.7,1252783.1,9.267101,47.411393,
8616.2,2690,641.1,2737979,1252785.6,9.266974,47.411418,
8626.2,2700,641.1,2737969.4,1252788.2,9.266847,47.411443,
8636.2,2710,641,2737959.7,1252790.7,9.26672,47.411468,
8646.2,2720,641.1,2737950,1252793.1,9.266592,47.411491,
8656.2,2730,641,2737940.3,1252795.6,9.266464,47.411516,
8666.2,2740,640.9,2737930.6,1252797.9,9.266336,47.411539,
8676.2,2750,640.8,2737920.8,1252800.2,9.266207,47.411561,
8686.2,2760,640.7,2737911.1,1252802.4,9.26608,47.411583,
8696.2,2770,640.8,2737901.3,1252804.5,9.26595,47.411604,
8706.2,2780,640.8,2737891.5,1252806.6,9.265821,47.411625,
8716.2,2790,640.6,2737881.7,1252808.5,9.265692,47.411644,
8726.2,2800,640.4,2737871.9,1252810.3,9.265563,47.411662,
8736.2,2810,640.3,2737862,1252812,9.265432,47.41168,
8746.2,2820,640.4,2737852.1,1252813.6,9.265301,47.411696,
8756.1,2829.9,640.3,2737842.3,1252815.1,9.265172,47.411712,
8766.1,2839.9,640,2737832.4,1252816.5,9.265041,47.411726,
8776.2,2850,640,2737822.4,1252817.8,9.264909,47.41174,
8786.2,2860,640,2737812.5,1252819,9.264779,47.411753,
8796.2,2870,639.6,2737802.6,1252820.1,9.264648,47.411765,
8806.2,2880,639.7,2737792.6,1252821.1,9.264516,47.411776,
8816.2,2890,639.4,2737782.7,1252822,9.264385,47.411786,
8826.2,2900,639.5,2737772.7,1252822.7,9.264253,47.411795,
8836.2,2910,639.4,2737762.7,1252823.4,9.26412,47.411803,
8846.2,2920,639.1,2737752.7,1252824,9.263988,47.411811,
8856.2,2930,639.1,2737742.7,1252824.4,9.263856,47.411816,
8866.2,2940,639.1,2737732.7,1252824.8,9.263723,47.411822,
8876.1,2949.9,639.1,2737722.8,1252825.1,9.263592,47.411827,
8886.1,2959.9,638.9,2737712.8,1252825.2,9.26346,47.41183,
8896.1,2969.9,638.8,2737702.8,1252825.3,9.263327,47.411833,
8906.1,2979.9,638.8,2737692.8,1252825.2,9.263195,47.411834,
8916.1,2989.9,638.7,2737682.8,1252825,9.263062,47.411834,
8926.1,2999.9,638.5,2737672.8,1252824.8,9.26293,47.411834,
8936.2,3010,638.4,2737662.8,1252824.4,9.262797,47.411833,
8946.2,3020,638.3,2737652.8,1252824,9.262665,47.411831,
8956.2,3030,638.3,2737642.8,1252823.5,9.262532,47.411829,
8966.2,3040,638.4,2737632.8,1252823,9.262399,47.411827,
8976.2,3050,638,2737622.8,1252822.4,9.262267,47.411823,
8986.2,3060,638.1,2737612.8,1252821.8,9.262134,47.41182,
8996.1,3069.9,638.1,2737602.9,1252821.2,9.262003,47.411817,
9006.2,3080,638,2737592.9,1252820.6,9.26187,47.411813,
9016.2,3090,637.9,2737582.9,1252820,9.261738,47.41181,
9026.2,3100,638,2737572.9,1252819.4,9.261605,47.411807,125
9036.2,3110,638,2737562.9,1252818.8,9.261472,47.411803,
9046.2,3120,637.7,2737552.9,1252818.2,9.26134,47.4118,
9056.1,3129.9,638,2737543,1252817.6,9.261208,47.411797,
9066.2,3140,638,2737533,1252817,9.261076,47.411794,
9076.2,3150,638,2737523,1252816.4,9.260943,47.41179,
9086.2,3160,637.9,2737513,1252815.8,9.26081,47.411787,
9096.2,3170,637.9,2737503,1252815.1,9.260678,47.411783,
9106.1,3179.9,638,2737493.1,1252814.5,9.260546,47.411779,
9116.2,3190,637.9,2737483.1,1252813.9,9.260414,47.411776,
9126.2,3200,637.9,2737473.1,1252813.3,9.260281,47.411773,
9136.2,3210,637.8,2737463.1,1252812.7,9.260148,47.411769,
9146.2,3220,638,2737453.1,1252812.1,9.260016,47.411766,
9156.2,3230,637.9,2737443.1,1252811.5,9.259883,47.411763,
9166.2,3240,637.8,2737433.2,1252810.9,9.259752,47.41176,
9176.2,3250,637.8,2737423.2,1252810.3,9.259619,47.411756,
9186.2,3260,637.8,2737413.2,1252809.7,9.259487,47.411753,
9196.2,3270,637.8,2737403.2,1252809.1,9.259354,47.41175,
9206.2,3280,637.7,2737393.2,1252808.5,9.259221,47.411746,
9216.1,3289.9,637.8,2737383.3,1252807.9,9.25909,47.411743,
9226.2,3300,637.8,2737373.3,1252807.3,9.258957,47.41174,
9236.2,3310,637.8,2737363.3,1252806.6,9.258825,47.411735,
9246.2,3320,637.8,2737353.3,1252806,9.258692,47.411732,
9256.2,3330,637.8,2737343.3,1252805.4,9.258559,47.411729,
9266.1,3339.9,637.8,2737333.4,1252804.8,9.258428,47.411726,
9276.2,3350,637.8,2737323.4,1252804.2,9.258295,47.411722,
9286.2,3360,637.8,2737313.4,1252803.6,9.258163,47.411719,
9296.2,3370,637.7,2737303.4,1252803,9.25803,47.411716,
9306.2,3380,637.8,2737293.4,1252802.4,9.257897,47.411712,
9316.2,3390,637.7,2737283.4,1252801.8,9.257765,47.411709,
9326.1,3399.9,637.8,2737273.5,1252801.2,9.257633,47.411706,
9336.2,3410,637.8,2737263.5,1252800.6,9.257501,47.411702,
9346.2,3420,637.7,2737253.5,1252800,9.257368,47.411699,
9356.2,3430,637.7,2737243.5,1252799.4,9.257235,47.411696,
9366.2,3440,637.8,2737233.5,1252798.7,9.257103,47.411691,
9376.1,3449.9,637.8,2737223.6,1252798.1,9.256971,47.411688,
9386.2,3460,637.7,2737213.6,1252797.5,9.256839,47.411685,
9396.2,3470,637.8,2737203.6,1252796.9,9.256706,47.411682,
9406.2,3480,637.8,2737193.6,1252796.3,9.256574,47.411678,
9416.2,3490,637.8,2737183.6,1252795.7,9.256441,47.411675,
9426.2,3500,637.8,2737173.6,1252795.1,9.256308,47.411672,
9436.2,3510,637.8,2737163.7,1252794.5,9.256177,47.411668,
9446.2,3520,637.8,2737153.7,1252793.9,9.256044,47.411665,
9456.2,3530,637.8,2737143.7,1252793.3,9.255912,47.411662,
9466.2,3540,637.8,2737133.7,1252792.7,9.255779,47.411658,
9476.2,3550,637.8,2737123.7,1252792.1,9.255646,47.411655,
9486.1,3559.9,637.8,2737113.8,1252791.5,9.255515,47.411652,
9496.2,3570,637.8,2737103.8,1252790.9,9.255382,47.411648,
9506.2,3580,637.8,2737093.8,1252790.2,9.25525,47.411644,
9516.2,3590,637.8,2737083.8,1252789.6,9.255117,47.411641,
9526.2,3600,637.8,2737073.8,1252789,9.254984,47.411638,
9536.2,3610,637.8,2737063.8,1252788.4,9.254852,47.411634,
9546.2,3620,637.8,2737053.9,1252787.8,9.25472,47.411631,
9556.2,3630,637.8,2737043.9,1252787.2,9.254588,47.411628,
9566.2,3640,637.8,2737033.9,1252786.6,9.254455,47.411624,
9576.2,3650,637.8,2737023.9,1252786,9.254322,47.411621,
9586.2,3660,637.8,2737013.9,1252785.4,9.25419,47.411618,
9596.1,3669.9,637.8,2737004,1252784.8,9.254059,47.411614,
9606.2,3680,637.8,2736994,1252784.2,9.253926,47.411611,
9616.2,3690,637.8,2736984,1252783.6,9.253793,47.411608,
9626.2,3700,637.8,2736974,1252783,9.253661,47.411604,
9636.2,3710,637.8,2736964,1252782.3,9.253528,47.4116,
9646.1,3719.9,637.8,2736954.1,1252781.7,9.253397,47.411597,
9656.2,3730,637.8,2736944.1,1252781.1,9.253264,47.411593,
9666.2,3740,637.8,2736934.1,1252780.5,9.253131,47.41159,
9671.3,3745.1,637.8,2736929,1252780.2,9.253064,47.411589,
9681.2,9.9,637.7,2736919.1,1252779.6,9.252932,47.411585,
9691.2,19.9,637.9,2736909.1,1252779,9.2528,47.411582,
9701.2,29.9,638.4,2736899.1,1252778.5,9.252667,47.411579,
9711.3,40,638.4,2736889.1,1252778,9.252534,47.411577,
9721.3,50,637.7,2736879.1,1252777.5,9.252402,47.411575,
9731.3,60,638,2736869.1,1252777.1,9.252269,47.411573,
9741.3,70,638.1,2736859.1,1252776.8,9.252137,47.411573,
9751.3,80,638.4,2736849.1,1252776.5,9.252004,47.411572,
9761.3,90,638.4,2736839.1,1252776.2,9.251872,47.411571,
9771.3,100,638.5,2736829.1,1252776,9.251739,47.411572,
9781.3,110,637.7,2736819.1,1252775.7,9.251607,47.411571,
9791.3,120,637.7,2736809.1,1252775.4,9.251474,47.41157,
9801.3,130,638,2736799.1,1252775.2,9.251341,47.411571,
9811.3,140,637.8,2736789.1,1252774.9,9.251209,47.41157,
9821.2,149.9,637.6,2736779.2,1252774.5,9.251078,47.411568,
9831.2,159.9,637.5,2736769.2,1252774.1,9.250945,47.411567,
9841.2,169.9,637.5,2736759.2,1252773.6,9.250812,47.411565,
9851.3,180,637.6,2736749.2,1252773.1,9.25068,47.411562,
9861.3,190,637.5,2736739.2,1252772.4,9.250547,47.411558,
9871.3,200,637.5,2736729.2,1252771.7,9.250414,47.411554,
9881.2,209.9,637.5,2736719.3,1252770.9,9.250283,47.411549,
9891.3,220,637.3,2736709.3,1252770,9.25015,47.411542,
9901.2,229.9,637.4,2736699.4,1252769.1,9.250019,47.411536,
9911.3,240,637.3,2736689.4,1252768,9.249886,47.411529,
9921.2,249.9,637.2,2736679.5,1252766.9,9.249755,47.411521,
9931.3,260,637.2,2736669.5,1252765.7,9.249622,47.411512,
9941.3,270,637.2,2736659.6,1252764.4,9.24949,47.411502,
9951.3,280,637.2,2736649.7,1252763,9.249359,47.411492,
9961.3,290,637.2,2736639.8,1252761.7,9.249227,47.411482,
9971.3,300,637.1,2736629.9,1252760.2,9.249096,47.411471,
9981.3,310,637.1,2736620,1252758.8,9.248964,47.41146,
9991.3,320,637.1,2736610.1,1252757.3,9.248832,47.411449,
10001.3,330,637.1,2736600.2,1252755.9,9.248701,47.411438,
10011.2,339.9,637.2,2736590.4,1252754.3,9.248571,47.411426,
10021.2,349.9,637.2,2736580.5,1252752.8,9.248439,47.411415,
10031.3,360,637.1,2736570.6,1252751.3,9.248307,47.411403,
10041.3,370,637,2736560.7,1252749.7,9.248176,47.411391,
10051.3,380,637,2736550.8,1252748.1,9.248044,47.411378,
10061.2,389.9,637,2736541,1252746.5,9.247914,47.411366,
10071.3,400,637.1,2736531.1,1252744.8,9.247782,47.411353,
10081.2,409.9,637.1,2736521.3,1252743.1,9.247652,47.41134,
10091.3,420,637,2736511.4,1252741.4,9.24752,47.411326,
10101.2,429.9,637,2736501.6,1252739.6,9.24739,47.411312,
10111.3,440,636.9,2736491.7,1252737.8,9.247258,47.411298,
10121.3,450,636.9,2736481.9,1252735.9,9.247128,47.411283,
10131.3,460,636.8,2736472.1,1252733.8,9.246997,47.411266,
10141.2,469.9,636.9,2736462.4,1252731.7,9.246868,47.411249,
10151.3,480,636.8,2736452.6,1252729.5,9.246738,47.411232,
10161.3,490,636.9,2736442.9,1252727.1,9.246608,47.411212,
10171.3,500,636.7,2736433.2,1252724.7,9.246479,47.411192,
10181.3,510,636.6,2736423.5,1252722.1,9.24635,47.411171,
10191.3,520,636.7,2736413.9,1252719.4,9.246222,47.411149,
10201.3,530,636.6,2736404.3,1252716.6,9.246094,47.411126,
10211.3,540,636.5,2736394.7,1252713.8,9.245966,47.411102,
10221.3,550,636.5,2736385.1,1252710.9,9.245838,47.411078,
10231.2,559.9,636.4,2736375.6,1252708,9.245711,47.411054,
10241.3,570,636.4,2736366,1252705,9.245583,47.411029,
10251.3,580,636.3,2736356.5,1252702,9.245456,47.411004,
10261.3,590,636.4,2736346.9,1252699,9.245328,47.410979,
10271.3,600,636.3,2736337.4,1252696,9.245201,47.410954,140
10281.2,609.9,636.3,2736327.9,1252693,9.245075,47.410929,
10291.3,620,636.2,2736318.3,1252690,9.244947,47.410904,
10301.3,630,636.2,2736308.8,1252687,9.24482,47.410879,
10311.3,640,636.1,2736299.2,1252684,9.244692,47.410854,
10321.3,650,636.1,2736289.7,1252681,9.244565,47.410829,
10331.2,659.9,636,2736280.2,1252678,9.244438,47.410804,
10341.3,670,636.1,2736270.6,1252675,9.24431,47.410779,
10351.3,680,636,2736261.1,1252672,9.244183,47.410754,
10361.3,690,636.1,2736251.5,1252669,9.244055,47.410729,
10371.3,700,636,2736242,1252666,9.243929,47.410704,
10381.2,709.9,636.1,2736232.5,1252663,9.243802,47.410679,
10391.3,720,635.9,2736222.9,1252660.1,9.243674,47.410655,
10401.2,729.9,636.1,2736213.4,1252657.1,9.243547,47.41063,
10411.3,740,635.8,2736203.8,1252654.1,9.243419,47.410605,
10421.3,750,635.9,2736194.3,1252651.1,9.243292,47.41058,
10431.2,759.9,635.8,2736184.8,1252648.1,9.243166,47.410555,
10441.3,770,635.8,2736175.2,1252645.1,9.243037,47.41053,
10451.2,779.9,635.6,2736165.7,1252642.1,9.242911,47.410505,
10461.2,789.9,635.8,2736156.2,1252639,9.242784,47.410479,
10471.3,800,635.6,2736146.6,1252636,9.242656,47.410454,
10481.3,810,635.8,2736137.1,1252632.9,9.242529,47.410428,
10491.3,820,635.7,2736127.6,1252629.7,9.242402,47.410401,
10501.2,829.9,635.7,2736118.2,1252626.5,9.242277,47.410375,
10511.3,840,635.7,2736108.7,1252623.2,9.24215,47.410347,
10521.3,850,635.6,2736099.3,1252619.9,9.242024,47.410319,
10531.3,860,635.4,2736089.9,1252616.4,9.241899,47.41029,
10541.3,870,635.7,2736080.6,1252612.8,9.241775,47.410259,
10551.3,880,635.5,2736071.3,1252609.1,9.24165,47.410228,
10561.2,889.9,635.4,2736062.1,1252605.3,9.241527,47.410196,
10571.2,899.9,635.4,2736052.9,1252601.4,9.241404,47.410162,
10581.3,910,635.4,2736043.7,1252597.3,9.241281,47.410128,
10591.3,920,635.4,2736034.6,1252593.1,9.241159,47.410092,
10601.3,930,635.2,2736025.6,1252588.8,9.241039,47.410055,
10611.3,940,635.2,2736016.6,1252584.4,9.240918,47.410017,
10621.3,950,635.3,2736007.7,1252579.9,9.240799,47.409978,
10631.3,960,635.3,2735998.8,1252575.3,9.24068,47.409939,
10641.3,970,635.2,2735990,1252570.5,9.240562,47.409898,
10651.3,980,635.2,2735981.3,1252565.7,9.240445,47.409856,
10661.3,990,635.1,2735972.6,1252560.7,9.240328,47.409813,
10671.3,1000,635,2735964,1252555.6,9.240213,47.409769,
10681.3,1010,634.8,2735955.5,1252550.4,9.240098,47.409724,
10691.3,1020,635,2735947,1252545.1,9.239984,47.409678,
10701.3,1030,634.9,2735938.6,1252539.7,9.239871,47.409631,
10711.2,1039.9,634.8,2735930.3,1252534.2,9.23976,47.409584,
10721.3,1050,634.9,2735922,1252528.5,9.239648,47.409534,
10731.3,1060,634.7,2735913.8,1252522.8,9.239538,47.409484,
10741.2,1069.9,634.6,2735905.7,1252517,9.239429,47.409434,
10751.3,1080,634.7,2735897.6,1252511,9.23932,47.409382,
10761.2,1089.9,634.6,2735889.7,1252505,9.239213,47.409329,
10771.3,1100,634.5,2735881.8,1252498.8,9.239107,47.409275,
10781.3,1110,634.5,2735873.9,1252492.6,9.239,47.409221,
10791.3,1120,634.6,2735866.2,1252486.3,9.238896,47.409166,
10801.3,1130,634.4,2735858.4,1252480,9.238791,47.409111,
10811.3,1140,634.6,2735850.7,1252473.6,9.238687,47.409055,
10821.2,1149.9,634.6,2735843.1,1252467.2,9.238584,47.408999,
10831.2,1159.9,634.4,2735835.5,1252460.7,9.238482,47.408942,
10841.3,1170,634.3,2735827.8,1252454.2,9.238378,47.408885,
10851.3,1180,634.3,2735820.2,1252447.7,9.238275,47.408828,
10861.3,1190,634.4,2735812.6,1252441.2,9.238172,47.408772,
10871.3,1200,634.3,2735805,1252434.7,9.23807,47.408715,
10881.3,1210,634.2,2735797.4,1252428.2,9.237967,47.408658,
10891.3,1220,634.2,2735789.8,1252421.7,9.237865,47.408601,
10901.3,1230,634.2,2735782.2,1252415.2,9.237762,47.408544,
10911.3,1240,634.2,2735774.6,1252408.7,9.237659,47.408487,
10921.3,1250,634.1,2735767,1252402.2,9.237557,47.40843,
10931.3,1260,634.1,2735759.4,1252395.7,9.237454,47.408373,
10941.3,1270,634,2735751.8,1252389.2,9.237351,47.408317,
10951.3,1280,634.1,2735744.2,1252382.7,9.237249,47.40826,
10961.3,1290,634,2735736.6,1252376.2,9.237146,47.408203,
10971.3,1300,634,2735729,1252369.7,9.237043,47.408146,
10981.3,1310,633.9,2735721.4,1252363.2,9.236941,47.408089,
10991.3,1320,633.8,2735713.8,1252356.7,9.236838,47.408032,
11001.3,1330,634,2735706.2,1252350.2,9.236736,47.407975,
11011.3,1340,633.8,2735698.6,1252343.7,9.236633,47.407918,
11021.3,1350,633.9,2735691,1252337.2,9.23653,47.407862,
11031.3,1360,633.8,2735683.4,1252330.7,9.236428,47.407805,
11041.3,1370,633.7,2735675.8,1252324.2,9.236325,47.407748,
11051.3,1380,633.7,2735668.2,1252317.7,9.236222,47.407691,
11061.3,1390,633.7,2735660.6,1252311.2,9.23612,47.407634,
11071.3,1400,633.7,2735653,1252304.7,9.236017,47.407577,
11081.3,1410,633.5,2735645.4,1252298.2,9.235914,47.40752,
11091.3,1420,633.7,2735637.8,1252291.8,9.235812,47.407464,
11101.3,1430,633.5,2735630.2,1252285.3,9.235709,47.407407,
11111.3,1440,633.6,2735622.6,1252278.8,9.235607,47.407351,
11121.3,1450,633.5,2735615,1252272.3,9.235504,47.407294,
11131.3,1460,633.5,2735607.4,1252265.8,9.235401,47.407237,
11141.3,1470,633.5,2735599.8,1252259.3,9.235299,47.40718,
11151.3,1480,633.5,2735592.2,1252252.8,9.235196,47.407123,
11161.3,1490,633.5,2735584.6,1252246.3,9.235093,47.407066,
11171.3,1500,633.3,2735577,1252239.8,9.234991,47.407009,
11181.3,1510,633.5,2735569.4,1252233.3,9.234888,47.406952,
11191.3,1520,633.5,2735561.7,1252226.9,9.234784,47.406896,
11201.3,1530,633.3,2735554,1252220.5,9.23468,47.40684,
11211.2,1539.9,633.4,2735546.3,1252214.2,9.234576,47.406785,
11221.3,1550,633.1,2735538.5,1252207.9,9.234471,47.40673,
11231.2,1559.9,632.9,2735530.7,1252201.7,9.234366,47.406676,
11241.3,1570,632.9,2735522.8,1252195.5,9.234259,47.406622,
11251.3,1580,632.9,2735514.8,1252189.5,9.234152,47.40657,
11261.3,1590,632.8,2735506.8,1252183.5,9.234044,47.406517,
11271.3,1600,632.7,2735498.7,1252177.6,9.233935,47.406466,
11281.3,1610,632.6,2735490.6,1252171.8,9.233826,47.406416,
11291.3,1620,632.9,2735482.3,1252166.2,9.233714,47.406367,
11301.3,1630,632.5,2735474,1252160.6,9.233602,47.406318,
11311.3,1640,632.7,2735465.6,1252155.2,9.23349,47.406271,
11321.3,1650,632.2,2735457.1,1252149.9,9.233375,47.406226,
11331.3,1660,632.3,2735448.6,1252144.7,9.233261,47.406181,
11341.3,1670,632.1,2735439.9,1252139.6,9.233144,47.406136,
11351.2,1679.9,632.3,2735431.3,1252134.7,9.233029,47.406094,
11361.3,1690,631.9,2735422.5,1252129.9,9.232911,47.406053,
11371.2,1699.9,632,2735413.7,1252125.2,9.232793,47.406012,
11381.3,1710,632,2735404.8,1252120.6,9.232674,47.405973,
11391.3,1720,631.8,2735395.8,1252116.2,9.232553,47.405935,
11401.2,1729.9,631.5,2735386.8,1252111.9,9.232433,47.405898,
11411.3,1740,631.4,2735377.7,1252107.7,9.232311,47.405862,
11421.3,1750,631.4,2735368.5,1252103.7,9.232188,47.405828,
11431.3,1760,631.2,2735359.3,1252099.8,9.232065,47.405795,
11441.2,1769.9,631.4,2735350.1,1252096,9.231942,47.405763,
11451.3,1780,631.3,2735340.8,1252092.3,9.231818,47.405732,
11461.3,1790,631.2,2735331.4,1252088.8,9.231692,47.405702,
11471.3,1800,630.9,2735322,1252085.4,9.231566,47.405673,
11481.3,1810,631,2735312.5,1252082.2,9.23144,47.405647,
11491.3,1820,630.9,2735303,1252079.1,9.231313,47.405621,
11501.3,1830,630.7,2735293.5,1252076.1,9.231186,47.405596,
11511.3,1840,630.7,2735283.9,1252073.2,9.231058,47.405571,
11521.3,1850,630.7,2735274.3,1252070.5,9.23093,47.405549,
11531.3,1860,630.5,2735264.6,1252068,9.230801,47.405529,
11541.3,1870,630.2,2735254.9,1252065.5,9.230672,47.405508,
11551.3,1880,630.2,2735245.2,1252063.2,9.230543,47.40549,
11561.3,1890,630.3,2735235.4,1252061.1,9.230412,47.405473,
11571.3,1900,630.2,2735225.6,1252059.1,9.230282,47.405457,
11581.3,1910,630.1,2735215.8,1252057.2,9.230151,47.405442,
11591.2,1919.9,629.7,2735206,1252055.4,9.230021,47.405427,
11601.3,1930,629.7,2735196.1,1252053.9,9.229889,47.405416,
11611.3,1940,629.8,2735186.2,1252052.4,9.229758,47.405405,
11621.2,1949.9,629.5,2735176.3,1252051.1,9.229626,47.405395,
11631.3,1960,629.4,2735166.3,1252049.9,9.229494,47.405386,
11641.3,1970,629.5,2735156.4,1252048.9,9.229362,47.405379,
11651.3,1980,629.4,2735146.4,1252048,9.229229,47.405373,
11661.2,1989.9,629.2,2735136.5,1252047.3,9.229098,47.405369,
11671.3,2000,629.3,2735126.5,1252046.6,9.228965,47.405365,
11681.3,2010,629.1,2735116.5,1252046.2,9.228833,47.405363,
11691.3,2020,628.8,2735106.5,1252045.9,9.2287,47.405362,
11701.3,2030,628.7,2735096.5,1252045.7,9.228568,47.405363,
11711.3,2040,628.6,2735086.5,1252045.7,9.228435,47.405365,
11721.3,2050,628.5,2735076.5,1252045.8,9.228303,47.405368,
11731.3,2060,628.6,2735066.5,1252046,9.228171,47.405372,
11741.3,2070,628.6,2735056.5,1252046.4,9.228038,47.405377,
11751.3,2080,628.4,2735046.5,1252046.9,9.227906,47.405384,
11761.2,2089.9,628.2,2735036.6,1252047.6,9.227775,47.405392,
11771.3,2100,628.3,2735026.6,1252048.4,9.227643,47.405401,
11781.3,2110,628,2735016.6,1252049.4,9.227511,47.405412,
11791.3,2120,628.1,2735006.7,1252050.5,9.22738,47.405424,
11801.2,2129.9,627.8,2734996.8,1252051.7,9.227249,47.405437,
11811.2,2139.9,627.8,2734986.9,1252053.1,9.227118,47.405452,
11821.2,2149.9,627.9,2734977,1252054.6,9.226988,47.405467,
11831.3,2160,627.7,2734967.1,1252056.2,9.226857,47.405484,
11841.2,2169.9,627.5,2734957.3,1252058,9.226728,47.405502,
11851.3,2180,627.4,2734947.4,1252059.8,9.226597,47.40552,
11861.3,2190,627.3,2734937.6,1252061.7,9.226468,47.405539,
11871.3,2200,627.2,2734927.8,1252063.6,9.226339,47.405558,
11881.3,2210,627.2,2734918,1252065.6,9.22621,47.405578,
11891.3,2220,627.1,2734908.2,1252067.7,9.22608,47.405599,
11901.2,2229.9,627,2734898.5,1252069.8,9.225953,47.40562,
11911.3,2240,627,2734888.7,1252072,9.225823,47.405642,
11921.3,2250,626.9,2734878.9,1252074.2,9.225694,47.405664,
11931.3,2260,626.9,2734869.2,1252076.4,9.225566,47.405685,
11941.3,2270,626.9,2734859.4,1252078.5,9.225437,47.405706,
11951.2,2279.9,626.7,2734849.7,1252080.7,9.22531,47.405728,
11961.3,2290,626.7,2734839.9,1252082.9,9.22518,47.40575,
11971.3,2300,626.6,2734830.1,1252085.1,9.225051,47.405772,
11981.3,2310,626.5,2734820.4,1252087.3,9.224923,47.405793,
11991.3,2320,626.4,2734810.6,1252089.5,9.224794,47.405815,
12001.2,2329.9,626.4,2734800.9,1252091.7,9.224666,47.405837,
12011.3,2340,626.3,2734791.1,1252093.9,9.224537,47.405859,
12021.2,2349.9,626.3,2734781.4,1252096.1,9.22441,47.40588,
12031.3,2360,626.2,2734771.6,1252098.3,9.22428,47.405902,
12041.3,2370,626.2,2734761.8,1252100.5,9.224151,47.405924,
12051.2,2379.9,626.1,2734752.1,1252102.6,9.224023,47.405945,
12061.3,2390,626.1,2734742.3,1252104.8,9.223894,47.405967,
12071.2,2399.9,626,2734732.6,1252107,9.223766,47.405988,
12081.3,2410,625.9,2734722.8,1252109.2,9.223637,47.40601,
12091.2,2419.9,625.8,2734713.1,1252111.4,9.22351,47.406032,
12101.3,2430,625.8,2734703.3,1252113.6,9.22338,47.406054,
12111.3,2440,625.7,2734693.5,1252115.8,9.223251,47.406076,
12121.3,2450,625.7,2734683.8,1252118,9.223123,47.406097,
12131.3,2460,625.6,2734674,1252120.2,9.222994,47.406119,
12141.3,2470,625.5,2734664.3,1252122.4,9.222866,47.406141,
12151.3,2480,625.5,2734654.5,1252124.6,9.222737,47.406163,
12161.2,2489.9,625.5,2734644.8,1252126.7,9.222609,47.406184,
12171.3,2500,625.4,2734635,1252128.9,9.22248,47.406205,
12181.3,2510,625.3,2734625.2,1252131.1,9.222351,47.406227,
12191.3,2520,625.3,2734615.5,1252133.3,9.222223,47.406249,
12201.3,2530,625.2,2734605.7,1252135.5,9.222094,47.406271,
12211.2,2539.9,625.2,2734596,1252137.7,9.221966,47.406292,
12221.3,2550,625.1,2734586.2,1252139.9,9.221837,47.406314,
12231.2,2559.9,625.2,2734576.5,1252142.1,9.221709,47.406336,
12241.3,2570,625.2,2734566.7,1252144.3,9.22158,47.406358,
12251.3,2580,625.1,2734556.9,1252146.5,9.221451,47.40638,
12261.3,2590,625.2,2734547.2,1252148.7,9.221323,47.406401,
12271.3,2600,625.2,2734537.4,1252150.8,9.221194,47.406422,
12281.2,2609.9,625.2,2734527.7,1252153,9.221066,47.406444,
12291.3,2620,625.1,2734517.9,1252155.2,9.220937,47.406466,
12301.2,2629.9,625.1,2734508.2,1252157.4,9.220809,47.406488,
12311.3,2640,625,2734498.4,1252159.6,9.22068,47.406509,
12321.3,2650,625,2734488.6,1252161.8,9.220551,47.406531,
12331.3,2660,624.9,2734478.9,1252164,9.220423,47.406553,
12341.3,2670,624.9,2734469.1,1252166.1,9.220294,47.406574,
12351.2,2679.9,624.9,2734459.4,1252168.3,9.220166,47.406596,
12361.3,2690,624.9,2734449.6,1252170.5,9.220037,47.406617,
12371.3,2700,625,2734439.8,1252172.6,9.219908,47.406638,
12381.3,2710,624.9,2734430,1252174.7,9.219779,47.406659,
12391.2,2719.9,625,2734420.3,1252176.8,9.219651,47.40668,
12401.3,2730,624.9,2734410.5,1252178.9,9.219522,47.406701,
12411.3,2740,624.9,2734400.7,1252181,9.219393,47.406722,
12421.3,2750,624.8,2734390.9,1252183,9.219264,47.406742,
12431.3,2760,624.8,2734381.1,1252185.1,9.219134,47.406763,
12441.3,2770,624.8,2734371.3,1252187.1,9.219005,47.406783,
12451.3,2780,624.7,2734361.5,1252189.1,9.218876,47.406803,
12461.2,2789.9,624.7,2734351.8,1252191.1,9.218748,47.406822,
12471.2,2799.9,624.7,2734342,1252193.2,9.218619,47.406843,
12481.2,2809.9,624.6,2734332.2,1252195.2,9.21849,47.406863,
12491.3,2820,624.6,2734322.4,1252197.2,9.21836,47.406883,
12501.3,2830,624.6,2734312.6,1252199.2,9.218231,47.406903,
12511.3,2840,624.5,2734302.8,1252201.3,9.218102,47.406924,
12521.3,2850,624.5,2734293,1252203.3,9.217973,47.406944,
12531.3,2860,624.5,2734283.2,1252205.3,9.217844,47.406964,
12541.3,2870,624.4,2734273.4,1252207.3,9.217715,47.406984,
12551.3,2880,624.4,2734263.6,1252209.3,9.217585,47.407004,
12561.3,2890,624.4,2734253.8,1252211.3,9.217456,47.407024,
12571.3,2900,624.4,2734244,1252213.3,9.217327,47.407044,
12581.3,2910,624.3,2734234.2,1252215.3,9.217198,47.407064,
12591.3,2920,624.2,2734224.4,1252217.2,9.217068,47.407083,
12601.3,2930,624.2,2734214.6,1252219.1,9.216939,47.407102,
12611.3,2940,624.2,2734204.8,1252221.1,9.21681,47.407122,
12621.2,2949.9,624.2,2734195,1252223,9.216681,47.407141,
12631.3,2960,624.1,2734185.1,1252224.8,9.21655,47.40716,
12641.3,2970,624.1,2734175.3,1252226.7,9.216421,47.407179,
12651.3,2980,624,2734165.5,1252228.6,9.216292,47.407198,
12661.2,2989.9,624,2734155.7,1252230.4,9.216162,47.407216,
12671.3,3000,623.9,2734145.8,1252232.3,9.216032,47.407235,
12681.3,3010,623.8,2734136,1252234.1,9.215903,47.407253,
12691.2,3019.9,623.8,2734126.2,1252235.9,9.215773,47.407271,
12701.3,3030,623.8,2734116.3,1252237.8,9.215643,47.40729,
12711.3,3040,623.8,2734106.5,1252239.6,9.215514,47.407309,
12721.3,3050,623.7,2734096.7,1252241.5,9.215384,47.407328,
12731.2,3059.9,623.8,2734086.9,1252243.3,9.215255,47.407346,
12741.3,3070,623.7,2734077,1252245.1,9.215124,47.407364,
12751.3,3080,623.6,2734067.2,1252247,9.214995,47.407383,
12761.2,3089.9,623.6,2734057.4,1252248.8,9.214866,47.407401,
12763.2,3091.9,623.5,2734055.5,1252249.2,9.214841,47.407405,
12773.2,10,623.5,2734045.7,1252251,9.214712,47.407424,
12783.2,20,623.5,2734035.8,1252252.8,9.214581,47.407442,
12793.2,30,623.4,2734026,1252254.7,9.214452,47.407461,
12803.2,40,623.3,2734016.2,1252256.5,9.214323,47.407479,
12813.2,50,623.3,2734006.4,1252258.4,9.214193,47.407498,
12823.2,60,623.1,2733996.5,1252260.2,9.214063,47.407516,
12833.2,70,623.1,2733986.7,1252262,9.213934,47.407534,
12843.2,80,623,2733976.9,1252263.9,9.213804,47.407554,
12853.2,90,623,2733967,1252265.7,9.213674,47.407572,
12863.2,100,623,2733957.2,1252267.5,9.213544,47.40759,
12873.2,110,622.9,2733947.4,1252269.4,9.213415,47.407609,
12883.2,120,622.9,2733937.5,1252271.2,9.213285,47.407627,
12893.2,130,622.9,2733927.7,1252273.1,9.213155,47.407646,
12903.2,140,622.8,2733917.9,1252274.9,9.213026,47.407664,
12913.1,149.9,622.7,2733908.1,1252276.7,9.212897,47.407683,
12923.2,160,622.7,2733898.2,1252278.6,9.212766,47.407702,
12933.2,170,622.6,2733888.4,1252280.4,9.212637,47.40772,
12943.2,180,622.5,2733878.6,1252282.3,9.212508,47.407739,
12953.2,190,622.4,2733868.7,1252284.1,9.212377,47.407757,
12963.2,200,622.5,2733858.9,1252285.9,9.212248,47.407775,
12973.2,210,622.4,2733849.1,1252287.8,9.212119,47.407794,
12983.2,220,622.4,2733839.2,1252289.6,9.211988,47.407813,
12993.2,230,622.3,2733829.4,1252291.4,9.211859,47.407831,
13003.2,240,622.2,2733819.6,1252293.3,9.21173,47.40785,
13013.2,250,622.2,2733809.8,1252295.1,9.2116,47.407868,
13023.2,260,622.2,2733799.9,1252297,9.21147,47.407887,
13033.2,270,622.1,2733790.1,1252298.8,9.21134,47.407905,
13043.2,280,622.1,2733780.3,1252300.6,9.211211,47.407923,
13053.2,290,622,2733770.4,1252302.5,9.211081,47.407943,
13063.2,300,621.9,2733760.6,1252304.3,9.210951,47.407961,
13073.2,310,621.9,2733750.8,1252306.2,9.210822,47.40798,
13083.2,320,621.9,2733741,1252308.1,9.210693,47.407999,
13093.2,330,621.8,2733731.2,1252310,9.210564,47.408018,
13103.2,340,621.8,2733721.4,1252312,9.210434,47.408038,
13113.2,350,621.8,2733711.6,1252314.1,9.210305,47.408059,
13123.2,360,621.7,2733701.8,1252316.2,9.210176,47.40808,
13133.1,369.9,621.7,2733692.1,1252318.4,9.210048,47.408101,
13143.2,380,621.7,2733682.3,1252320.7,9.209919,47.408124,
13153.2,390,621.6,2733672.6,1252323.2,9.209791,47.408149,
13163.2,400,621.3,2733663,1252325.8,9.209665,47.408174,
13173.2,410,621.5,2733653.3,1252328.5,9.209537,47.4082,
13183.2,420,621.1,2733643.7,1252331.3,9.209411,47.408227,
13193.2,430,621.2,2733634.2,1252334.2,9.209286,47.408255,
13203.2,440,621,2733624.7,1252337.3,9.209161,47.408285,
13213.2,450,621.1,2733615.2,1252340.5,9.209036,47.408316,
13223.2,460,620.7,2733605.8,1252343.9,9.208913,47.408348,
13233.2,470,620.8,2733596.4,1252347.3,9.208789,47.408381,
13243.2,480,620.8,2733587.1,1252350.9,9.208667,47.408415,
13253.2,490,620.6,2733577.8,1252354.6,9.208545,47.40845,
13263.2,500,620.5,2733568.5,1252358.4,9.208423,47.408486,
13273.2,510,620.4,2733559.3,1252362.2,9.208302,47.408522,
13283.2,520,620.2,2733550.1,1252366.1,9.208182,47.408559,
13293.2,530,620.1,2733540.9,1252370,9.208061,47.408596,
13303.2,540,620,2733531.7,1252374,9.20794,47.408634,
13313.2,550,619.9,2733522.5,1252378,9.20782,47.408672,
13323.2,560,619.8,2733513.4,1252382.1,9.2077,47.408711,
13333.2,570,619.7,2733504.2,1252386.1,9.20758,47.408748,
13343.2,580,619.5,2733495.1,1252390.1,9.20746,47.408786,
13353.2,590,619.5,2733485.9,1252394.2,9.20734,47.408825,
13363.2,600,619.3,2733476.8,1252398.2,9.20722,47.408863,
13373.2,610,619.3,2733467.6,1252402.2,9.2071,47.408901,
13383.2,620,619.1,2733458.5,1252406.3,9.20698,47.408939,
13393.2,630,619.1,2733449.3,1252410.3,9.20686,47.408977,
13403.2,640,619,2733440.2,1252414.3,9.20674,47.409015,
13413.2,650,618.9,2733431,1252418.4,9.20662,47.409054,
13423.2,660,618.9,2733421.9,1252422.4,9.2065,47.409091,
13433.2,670,618.7,2733412.7,1252426.4,9.20638,47.409129,
13443.2,680,618.7,2733403.6,1252430.5,9.20626,47.409168,
13453.2,690,618.5,2733394.4,1252434.5,9.20614,47.409206,
13463.2,700,618.4,2733385.3,1252438.5,9.20602,47.409244,
13473.2,710,618.3,2733376.1,1252442.6,9.2059,47.409282,
13483.2,720,618.3,2733367,1252446.6,9.20578,47.40932,
13493.2,730,618.2,2733357.8,1252450.6,9.20566,47.409358,
13503.2,740,618.1,2733348.7,1252454.7,9.20554,47.409397,
13513.2,750,618.1,2733339.5,1252458.7,9.20542,47.409435,
13523.2,760,617.9,2733330.4,1252462.7,9.2053,47.409472,
13533.2,770,617.9,2733321.2,1252466.8,9.20518,47.409511,
13543.2,780,617.8,2733312.1,1252470.8,9.20506,47.409549,
13553.2,790,617.7,2733302.9,1252474.8,9.20494,47.409587,
13563.2,800,617.6,2733293.8,1252478.9,9.20482,47.409625,
13573.2,810,617.6,2733284.6,1252482.9,9.2047,47.409663,
13583.2,820,617.4,2733275.5,1252486.9,9.20458,47.409701,
13593.2,830,617.4,2733266.3,1252491,9.20446,47.40974,
13603.2,840,617.3,2733257.2,1252495,9.20434,47.409778,
13613.2,850,617.2,2733248,1252499,9.20422,47.409815,
13623.2,860,617.2,2733238.9,1252503.1,9.2041,47.409854,
13633.2,870,617.1,2733229.7,1252507.1,9.20398,47.409892,
13643.2,880,617.1,2733220.6,1252511.1,9.20386,47.40993,
13653.2,890,616.9,2733211.4,1252515.2,9.20374,47.409968,
13663.2,900,616.9,2733202.3,1252519.2,9.20362,47.410006,
13673.2,910,616.8,2733193.1,1252523.2,9.2035,47.410044,
13683.2,920,616.7,2733184,1252527.3,9.20338,47.410083,
13693.2,930,616.6,2733174.8,1252531.3,9.20326,47.410121,
13703.2,940,616.4,2733165.7,1252535.3,9.20314,47.410158,
13713.2,950,616.4,2733156.5,1252539.4,9.20302,47.410197,
13723.2,960,616.3,2733147.4,1252543.4,9.2029,47.410235,
13733.2,970,616.3,2733138.2,1252547.4,9.20278,47.410273,
13743.2,980,616.2,2733129.1,1252551.5,9.20266,47.410312,
13753.2,990,616,2733119.9,1252555.5,9.20254,47.410349,
13763.2,1000,616,2733110.8,1252559.5,9.20242,47.410387,
13773.2,1010,615.8,2733101.6,1252563.6,9.2023,47.410426,
13783.2,1020,615.9,2733092.5,1252567.6,9.20218,47.410464,
13793.2,1030,615.8,2733083.3,1252571.7,9.20206,47.410502,
13803.2,1040,615.8,2733074.2,1252575.7,9.20194,47.41054,
13813.2,1050,615.6,2733065,1252579.7,9.20182,47.410578,
13823.2,1060,615.5,2733055.9,1252583.8,9.2017,47.410617,
13833.2,1070,615.5,2733046.7,1252587.8,9.20158,47.410655,
13843.2,1080,615.4,2733037.6,1252591.8,9.20146,47.410692,
13853.2,1090,615.3,2733028.4,1252595.9,9.20134,47.410731,
13863.2,1100,615.2,2733019.3,1252599.9,9.20122,47.410769,
13873.2,1110,615.2,2733010.1,1252603.9,9.2011,47.410807,
13883.2,1120,615.1,2733001,1252608,9.20098,47.410845,
13893.2,1130,615,2732991.8,1252612,9.20086,47.410883,
13903.2,1140,614.9,2732982.7,1252616,9.20074,47.410921,
13913.2,1150,614.8,2732973.5,1252620.1,9.20062,47.41096,
13923.2,1160,614.7,2732964.4,1252624.1,9.2005,47.410998,
13933.2,1170,614.6,2732955.2,1252628.1,9.20038,47.411035,
13943.2,1180,614.4,2732946.1,1252632.2,9.20026,47.411074,
13953.2,1190,614.3,2732936.9,1252636.2,9.20014,47.411112,
13963.2,1200,614.3,2732927.8,1252640.2,9.20002,47.41115,
13973.2,1210,614.1,2732918.6,1252644.3,9.1999,47.411189,
13983.2,1220,614,2732909.5,1252648.3,9.19978,47.411226,
13993.2,1230,613.8,2732900.3,1252652.3,9.19966,47.411264,
14003.2,1240,613.7,2732891.2,1252656.4,9.19954,47.411303,
14013.2,1250,613.5,2732882,1252660.4,9.19942,47.411341,
14023.2,1260,613.4,2732872.9,1252664.4,9.1993,47.411378,
14033.2,1270,613.2,2732863.7,1252668.5,9.19918,47.411417,
14043.2,1280,613.1,2732854.6,1252672.5,9.19906,47.411455,
14053.2,1290,613,2732845.4,1252676.5,9.19894,47.411493,
14063.2,1300,612.8,2732836.3,1252680.6,9.19882,47.411532,
14073.2,1310,612.7,2732827.1,1252684.6,9.1987,47.411569,
14083.2,1320,612.5,2732818,1252688.6,9.19858,47.411607,
14093.2,1330,612.4,2732808.8,1252692.7,9.19846,47.411646,
14103.2,1340,612.3,2732799.7,1252696.7,9.19834,47.411684,
14113.2,1350,612.2,2732790.5,1252700.7,9.19822,47.411722,
14123.2,1360,612.1,2732781.4,1252704.8,9.1981,47.41176,
14133.2,1370,612,2732772.2,1252708.8,9.19798,47.411798,
14143.2,1380,611.9,2732763.1,1252712.8,9.19786,47.411836,
14153.2,1390,611.8,2732753.9,1252716.9,9.19774,47.411875,
14163.2,1400,611.7,2732744.8,1252720.9,9.19762,47.411912,
14173.2,1410,611.6,2732735.6,1252724.9,9.1975,47.41195,
14183.2,1420,611.6,2732726.5,1252729,9.19738,47.411989,
14193.2,1430,611.5,2732717.3,1252733,9.19726,47.412027,
14203.2,1440,611.4,2732708.2,1252737,9.19714,47.412065,
14213.2,1450,611.3,2732699,1252741.1,9.19702,47.412103,
14223.2,1460,611.1,2732689.9,1252745.1,9.1969,47.412141,
14233.2,1470,611.2,2732680.7,1252749.1,9.19678,47.412179,
14243.2,1480,611,2732671.6,1252753.2,9.19666,47.412218,
14253.2,1490,611,2732662.4,1252757.2,9.19654,47.412255,
14263.2,1500,610.9,2732653.3,1252761.3,9.19642,47.412294,
14273.2,1510,610.8,2732644.1,1252765.3,9.1963,47.412332,
14283.2,1520,610.7,2732635,1252769.3,9.19618,47.41237,
14293.2,1530,610.6,2732625.8,1252773.4,9.19606,47.412408,
14303.2,1540,610.6,2732616.7,1252777.4,9.19594,47.412446,
14313.2,1550,610.6,2732607.5,1252781.4,9.19582,47.412484,
14323.2,1560,610.6,2732598.4,1252785.5,9.1957,47.412523,
14333.2,1570,610.6,2732589.2,1252789.5,9.19558,47.412561,130
14343.2,1580,610.5,2732580.1,1252793.5,9.19546,47.412598,
14353.2,1590,610.6,2732570.9,1252797.6,9.19534,47.412637,
14363.2,1600,610.6,2732561.8,1252801.6,9.19522,47.412675,
14373.2,1610,610.6,2732552.6,1252805.6,9.195099,47.412713,
14383.2,1620,610.6,2732543.5,1252809.7,9.19498,47.412751,
14393.2,1630,610.6,2732534.3,1252813.7,9.194859,47.412789,
14403.2,1640,610.6,2732525.2,1252817.7,9.19474,47.412827,
14413.2,1650,610.6,2732516,1252821.8,9.194619,47.412866,
14423.2,1660,610.6,2732506.9,1252825.8,9.1945,47.412904,
14433.2,1670,610.6,2732497.7,1252829.8,9.194379,47.412941,
14443.2,1680,610.6,2732488.6,1252833.9,9.19426,47.41298,
14453.2,1690,610.5,2732479.4,1252837.9,9.194139,47.413018,
14463.2,1700,610.6,2732470.3,1252841.9,9.19402,47.413056,
14473.2,1710,610.6,2732461.1,1252846,9.193899,47.413094,
14483.2,1720,610.6,2732452,1252850.1,9.19378,47.413133,
14493.2,1730,610.6,2732442.9,1252854.2,9.193661,47.413172,
14503.2,1740,610.8,2732433.8,1252858.4,9.193541,47.413211,
14513.2,1750,610.8,2732424.7,1252862.6,9.193422,47.413251,
14523.2,1760,610.7,2732415.7,1252866.9,9.193304,47.413291,
14533.2,1770,610.7,2732406.8,1252871.4,9.193188,47.413334,
14543.2,1780,610.5,2732397.9,1252875.9,9.193071,47.413376,
14553.2,1790,610.8,2732389,1252880.6,9.192955,47.41342,
14563.2,1800,610.8,2732380.3,1252885.5,9.192841,47.413466,
14573.2,1810,610.8,2732371.6,1252890.4,9.192727,47.413512,
14583.2,1820,610.5,2732363,1252895.6,9.192615,47.41356,
14593.2,1830,610.8,2732354.5,1252900.8,9.192504,47.413609,
14603.2,1840,610.6,2732346.1,1252906.3,9.192394,47.41366,
14613.2,1850,610.5,2732337.8,1252911.8,9.192286,47.413711,
14623.2,1860,610.5,2732329.6,1252917.5,9.192179,47.413764,
14633.2,1870,610.5,2732321.5,1252923.4,9.192073,47.413818,
14643.2,1880,610.5,2732313.5,1252929.3,9.191969,47.413873,
14653.2,1890,610.5,2732305.6,1252935.5,9.191866,47.41393,
14663.2,1900,610.6,2732297.7,1252941.7,9.191763,47.413988,
14673.2,1910,610.6,2732290,1252948.1,9.191663,47.414047,
14683.2,1920,610.7,2732282.4,1252954.6,9.191564,47.414107,
14693.2,1930,610.6,2732274.9,1252961.1,9.191467,47.414167,
14703.2,1940,610.6,2732267.4,1252967.8,9.19137,47.414229,
14713.2,1950,610.7,2732260,1252974.5,9.191273,47.41429,
14723.2,1960,610.6,2732252.6,1252981.2,9.191177,47.414352,
14733.2,1970,610.6,2732245.3,1252988,9.191083,47.414415,
14743.2,1980,610.6,2732237.9,1252994.8,9.190987,47.414477,
14753.2,1990,610.6,2732230.6,1253001.6,9.190892,47.41454,
14763.2,2000,610.5,2732223.3,1253008.5,9.190797,47.414603,
14773.2,2010,610.4,2732216,1253015.3,9.190703,47.414666,
14783.2,2020,610.6,2732208.7,1253022.1,9.190608,47.414729,
14793.2,2030,610.6,2732201.4,1253028.9,9.190513,47.414791,
14803.2,2040,610.6,2732194.1,1253035.8,9.190419,47.414855,
14813.2,2050,610.8,2732186.8,1253042.6,9.190324,47.414917,
14823.2,2060,610.6,2732179.4,1253049.4,9.190228,47.41498,
14833.2,2070,611.4,2732172.1,1253056.2,9.190133,47.415043,
14843.2,2080,611.3,2732164.8,1253063,9.190039,47.415105,
14853.2,2090,610.6,2732157.5,1253069.9,9.189944,47.415169,
14863.2,2100,611.3,2732150.2,1253076.7,9.189849,47.415231,
14863.4,2100.2,611.3,2732150.1,1253076.8,9.189848,47.415232,
14873.4,10,610.7,2732142.8,1253083.6,9.189753,47.415295,
14883.4,20,611.2,2732135.5,1253090.5,9.189659,47.415358,
14893.5,30.1,611.2,2732128.2,1253097.4,9.189564,47.415422,
14903.4,40,611.3,2732121,1253104.3,9.189471,47.415485,
14913.4,50,610.5,2732113.8,1253111.2,9.189377,47.415549,
14923.4,60,611.3,2732106.6,1253118.1,9.189284,47.415612,
14933.4,70,610.8,2732099.4,1253125.1,9.189191,47.415677,
14943.4,80,611.3,2732092.3,1253132.1,9.189099,47.415741,
14953.4,90,611,2732085.1,1253139.1,9.189005,47.415805,
14963.5,100.1,611.4,2732078,1253146.2,9.188913,47.415871,
14973.4,110,611,2732070.9,1253153.2,9.188821,47.415935,
14983.5,120.1,611.1,2732063.8,1253160.3,9.188729,47.416,
14993.5,130.1,611.2,2732056.7,1253167.3,9.188637,47.416065,
15003.5,140.1,611.3,2732049.6,1253174.4,9.188545,47.41613,
15013.4,150,611.3,2732042.6,1253181.4,9.188455,47.416194,
15023.4,160,611.3,2732035.5,1253188.4,9.188363,47.416259,
15033.4,170,611.3,2732028.4,1253195.5,9.188271,47.416324,
15043.4,180,611.5,2732021.3,1253202.5,9.188179,47.416388,
15053.4,190,611.5,2732014.2,1253209.6,9.188087,47.416454,
15063.4,200,611.5,2732007.1,1253216.6,9.187995,47.416518,
15073.4,210,611.6,2732000,1253223.7,9.187903,47.416583,
15083.4,220,611.6,2731992.9,1253230.7,9.187811,47.416648,
15093.4,230,610.9,2731985.8,1253237.8,9.187719,47.416713,
15103.4,240,611.7,2731978.7,1253244.8,9.187627,47.416777,
15113.5,250.1,610.9,2731971.6,1253251.9,9.187535,47.416843,
15123.4,260,611.7,2731964.5,1253258.9,9.187443,47.416907,
15133.5,270.1,611.8,2731957.4,1253266,9.187351,47.416972,
15143.4,280,611.8,2731950.3,1253273,9.187259,47.417037,
15153.4,290,611.8,2731943.2,1253280,9.187167,47.417101,
15163.5,300.1,611.9,2731936.1,1253287.1,9.187075,47.417166,
15173.4,310,611.9,2731929,1253294.1,9.186983,47.417231,
15183.5,320.1,611.1,2731921.9,1253301.2,9.186891,47.417296,
15193.4,330,612,2731914.8,1253308.2,9.186799,47.41736,
15203.5,340.1,611.2,2731907.7,1253315.3,9.186707,47.417425,
15213.4,350,612,2731900.6,1253322.3,9.186615,47.41749,
15223.5,360.1,611.3,2731893.5,1253329.4,9.186523,47.417555,
15233.5,370.1,611.5,2731886.4,1253336.4,9.186431,47.417619,
15243.4,380,611.3,2731879.4,1253343.5,9.186341,47.417685,
15253.4,390,611.2,2731872.3,1253350.5,9.186249,47.417749,
15263.4,400,611.4,2731865.2,1253357.6,9.186157,47.417814,
15273.4,410,611.4,2731858.1,1253364.6,9.186065,47.417879,
15283.4,420,611.5,2731851,1253371.6,9.185973,47.417943,
15293.4,430,611.5,2731843.9,1253378.7,9.185881,47.418008,
15303.4,440,611.6,2731836.8,1253385.7,9.185789,47.418073,
15313.4,450,611.6,2731829.7,1253392.8,9.185697,47.418138,
15323.4,460,611.6,2731822.6,1253399.8,9.185605,47.418202,
15333.4,470,611.6,2731815.5,1253406.9,9.185513,47.418268,
15343.4,480,611.6,2731808.4,1253413.9,9.185421,47.418332,
15353.5,490.1,611.6,2731801.3,1253421,9.185329,47.418397,
15363.4,500,611.6,2731794.2,1253428,9.185237,47.418462,
15373.5,510.1,611.6,2731787.1,1253435.1,9.185145,47.418527,
15383.4,520,611.6,2731780,1253442.1,9.185053,47.418591,
15393.5,530.1,611.6,2731772.9,1253449.2,9.184961,47.418656,
15403.4,540,611.6,2731765.8,1253456.2,9.184869,47.418721,
15413.5,550.1,611.7,2731758.7,1253463.3,9.184777,47.418786,
15423.5,560.1,611.6,2731751.6,1253470.3,9.184685,47.41885,
15433.4,570,611.6,2731744.5,1253477.3,9.184593,47.418915,
15443.5,580.1,611.6,2731737.4,1253484.4,9.184501,47.41898,
15453.4,590,611.6,2731730.3,1253491.4,9.184409,47.419044,
15463.5,600.1,611.5,2731723.2,1253498.5,9.184317,47.41911,
15473.4,610,611.5,2731716.2,1253505.5,9.184226,47.419174,
15483.4,620,611.4,2731709.1,1253512.6,9.184134,47.419239,
15493.4,630,611.4,2731702,1253519.6,9.184042,47.419304,
15503.4,640,611.4,2731694.9,1253526.7,9.18395,47.419369,
15513.4,650,611.3,2731687.8,1253533.7,9.183858,47.419433,
15523.4,660,611.2,2731680.7,1253540.8,9.183766,47.419499,
15533.4,670,611.1,2731673.6,1253547.8,9.183674,47.419563,
15543.5,680.1,611.1,2731666.5,1253554.9,9.183582,47.419628,
15553.4,690,610.9,2731659.4,1253561.9,9.18349,47.419693,
15563.4,700,610.9,2731652.3,1253568.9,9.183398,47.419757,
15573.4,710,610.8,2731645.2,1253576,9.183306,47.419822,
15583.4,720,610.7,2731638.1,1253583,9.183214,47.419887,
15593.4,730,610.6,2731631,1253590.1,9.183122,47.419952,
15603.4,740,610.5,2731623.9,1253597.1,9.18303,47.420016,
15613.5,750.1,610.4,2731616.8,1253604.2,9.182938,47.420081,
15623.4,760,610.3,2731609.7,1253611.2,9.182846,47.420146,
15633.4,770,610.2,2731602.6,1253618.2,9.182754,47.42021,
15643.4,780,610.1,2731595.4,1253625.2,9.182661,47.420275,
15653.5,790.1,610.1,2731588.2,1253632.2,9.182568,47.420339,
15663.5,800.1,610,2731581,1253639.1,9.182474,47.420402,
15673.4,810,609.9,2731573.7,1253645.9,9.18238,47.420465,
15683.5,820.1,609.9,2731566.3,1253652.7,9.182284,47.420528,
15693.4,830,609.9,2731558.9,1253659.3,9.182188,47.420588,
15703.5,840.1,609.6,2731551.3,1253665.9,9.182089,47.420649,
15713.5,850.1,609.8,2731543.7,1253672.4,9.18199,47.420709,
15723.4,860,609.5,2731536,1253678.7,9.18189,47.420767,
15733.5,870.1,609.4,2731528.1,1253684.9,9.181787,47.420825,
15743.4,880,609.3,2731520.2,1253691,9.181684,47.420881,
15753.5,890.1,609.2,2731512.1,1253696.9,9.181579,47.420936,
15763.4,900,609,2731504,1253702.7,9.181473,47.42099,
15773.4,910,609.1,2731495.8,1253708.4,9.181366,47.421043,
15783.4,920,608.8,2731487.5,1253714,9.181258,47.421095,
15793.4,930,608.9,2731479.1,1253719.4,9.181148,47.421145,
15803.4,940,608.6,2731470.6,1253724.7,9.181037,47.421194,
15813.4,950,608.8,2731462,1253729.8,9.180924,47.421242,
15823.5,960.1,608.7,2731453.3,1253734.8,9.180811,47.421288,
15833.4,970,608.5,2731444.6,1253739.7,9.180697,47.421334,
15843.4,980,608.4,2731435.8,1253744.4,9.180582,47.421378,
15853.4,990,608.3,2731426.9,1253749,9.180465,47.421421,
15863.5,1000.1,608.1,2731417.9,1253753.4,9.180347,47.421463,
15873.4,1010,608,2731408.9,1253757.7,9.180229,47.421503,
15883.5,1020.1,607.8,2731399.8,1253761.9,9.18011,47.421543,
15893.4,1030,607.8,2731390.7,1253765.9,9.17999,47.421581,
15903.5,1040.1,607.6,2731381.4,1253769.8,9.179868,47.421618,
15913.4,1050,607.6,2731372.2,1253773.6,9.179748,47.421654,
15923.5,1060.1,607.5,2731362.8,1253777.2,9.179624,47.421688,
15933.4,1070,607.5,2731353.5,1253780.6,9.179502,47.42172,
15943.5,1080.1,607.2,2731344,1253783.9,9.179377,47.421752,
15953.5,1090.1,607.3,2731334.5,1253787.1,9.179252,47.421782,
15963.4,1100,607,2731325,1253790.1,9.179127,47.421811,
15973.4,1110,607.1,2731315.4,1253792.9,9.179001,47.421838,
15983.4,1120,607,2731305.8,1253795.6,9.178874,47.421865,
15993.5,1130.1,606.7,2731296.1,1253798.2,9.178747,47.42189,
16003.4,1140,606.6,2731286.4,1253800.5,9.178619,47.421913,
16013.5,1150.1,606.6,2731276.6,1253802.8,9.17849,47.421935,
16023.4,1160,606.6,2731266.9,1253804.9,9.178362,47.421956,
16033.4,1170,606.5,2731257.1,1253806.8,9.178232,47.421975,
16043.4,1180,606.3,2731247.2,1253808.5,9.178102,47.421992,
16053.5,1190.1,606.1,2731237.3,1253810.2,9.177971,47.42201,
16063.5,1200.1,606.2,2731227.4,1253811.6,9.17784,47.422024,
16073.5,1210.1,606.2,2731217.5,1253812.9,9.17771,47.422038,
16083.4,1220,605.8,2731207.6,1253814,9.177579,47.42205,
16093.5,1230.1,606,2731197.6,1253815,9.177447,47.422061,
16103.4,1240,605.8,2731187.7,1253815.8,9.177316,47.42207,
16113.4,1250,605.6,2731177.7,1253816.4,9.177183,47.422077,
16123.4,1260,605.7,2731167.7,1253816.9,9.177051,47.422084,
16133.4,1270,605.6,2731157.7,1253817.1,9.176918,47.422087,
16143.4,1280,605.5,2731147.7,1253817.3,9.176786,47.422091,
16153.4,1290,605.4,2731137.7,1253817.2,9.176654,47.422092,
16163.5,1300.1,605.3,2731127.7,1253817,9.176521,47.422093,
16173.5,1310.1,605.1,2731117.7,1253816.5,9.176388,47.42209,
16183.5,1320.1,605,2731107.7,1253816,9.176256,47.422088,
16193.4,1330,605,2731097.8,1253815.2,9.176124,47.422082,
16203.4,1340,604.8,2731087.8,1253814.3,9.175992,47.422076,
16213.4,1350,604.8,2731077.9,1253813.2,9.17586,47.422068,
16223.5,1360.1,604.6,2731067.9,1253811.9,9.175727,47.422059,
16233.4,1370,604.6,2731058.1,1253810.5,9.175597,47.422048,
16243.4,1380,604.5,2731048.2,1253808.9,9.175465,47.422036,
16253.5,1390.1,604.4,2731038.3,1253807.1,9.175334,47.422021,
16263.4,1400,604.3,2731028.5,1253805.3,9.175203,47.422007,
16273.5,1410.1,604.2,2731018.7,1253803.3,9.175073,47.421991,
16283.5,1420.1,604.2,2731008.9,1253801.2,9.174942,47.421974,
16293.4,1430,604.1,2730999.2,1253799,9.174813,47.421956,
16303.4,1440,604.1,2730989.4,1253796.9,9.174683,47.421939,
16313.5,1450.1,604,2730979.6,1253794.7,9.174552,47.421921,
16323.4,1460,603.8,2730969.9,1253792.6,9.174423,47.421905,
16333.5,1470.1,603.7,2730960.1,1253790.4,9.174293,47.421887,
16343.5,1480.1,603.6,2730950.3,1253788.3,9.174162,47.42187,
16353.4,1490,603.5,2730940.6,1253786.1,9.174033,47.421852,
16363.4,1500,603.4,2730930.8,1253784,9.173903,47.421835,
16373.5,1510.1,603.3,2730921,1253781.8,9.173772,47.421817,
16383.4,1520,603.2,2730911.3,1253779.6,9.173643,47.421799,
16393.5,1530.1,603.1,2730901.5,1253777.5,9.173512,47.421782,
16403.4,1540,603,2730891.8,1253775.3,9.173383,47.421765,
16413.4,1550,603,2730882,1253773.2,9.173253,47.421748,
16423.5,1560.1,602.9,2730872.2,1253771,9.173122,47.42173,
16433.4,1570,602.8,2730862.5,1253768.9,9.172993,47.421713,
16443.4,1580,602.7,2730852.7,1253766.7,9.172863,47.421695,
16453.5,1590.1,602.6,2730842.9,1253764.6,9.172732,47.421678,
16463.4,1600,602.6,2730833.2,1253762.4,9.172603,47.42166,
16473.4,1610,602.4,2730823.4,1253760.4,9.172473,47.421644,
16483.4,1620,602.2,2730813.6,1253758.4,9.172342,47.421628,
16493.5,1630.1,602.2,2730803.7,1253756.5,9.172211,47.421613,
16503.4,1640,602.1,2730793.9,1253754.8,9.17208,47.4216,
16513.5,1650.1,601.9,2730784,1253753.2,9.171949,47.421587,
16523.5,1660.1,601.8,2730774.1,1253751.8,9.171817,47.421577,
16533.4,1670,601.9,2730764.2,1253750.6,9.171685,47.421568,
16543.5,1680.1,601.6,2730754.2,1253749.6,9.171553,47.421561,
16553.4,1690,601.7,2730744.3,1253748.8,9.171421,47.421556,
16563.4,1700,601.6,2730734.3,1253748.2,9.171289,47.421552,
16573.4,1710,601.4,2730724.3,1253747.8,9.171156,47.421551,
16583.4,1720,601.3,2730714.3,1253747.6,9.171023,47.421551,
16593.4,1730,601.1,2730704.3,1253747.6,9.170891,47.421553,
16603.5,1740.1,601.1,2730694.3,1253747.8,9.170759,47.421556,
16613.5,1750.1,601.1,2730684.3,1253748.2,9.170626,47.421562,
16623.5,1760.1,601.1,2730674.3,1253748.8,9.170494,47.421569,
16633.4,1770,600.8,2730664.4,1253749.6,9.170363,47.421579,
16643.5,1780.1,600.8,2730654.4,1253750.6,9.170231,47.42159,
16653.4,1790,600.6,2730644.5,1253751.8,9.1701,47.421602,
16663.4,1800,600.5,2730634.6,1253753.2,9.169969,47.421617,
16673.5,1810.1,600.5,2730624.7,1253754.8,9.169838,47.421633,
16683.4,1820,600.4,2730614.9,1253756.6,9.169709,47.421651,
16693.4,1830,600.3,2730605.1,1253758.6,9.16958,47.421671,
16703.5,1840.1,599.6,2730595.3,1253760.8,9.169451,47.421693,
16713.5,1850.1,599.9,2730585.6,1253763.2,9.169323,47.421717,
16723.4,1860,599.8,2730576,1253765.7,9.169196,47.421741,
16733.4,1870,599.9,2730566.4,1253768.5,9.16907,47.421768,
16743.4,1880,599.6,2730556.8,1253771.5,9.168944,47.421797,
16753.4,1890,599.7,2730547.3,1253774.6,9.168819,47.421827,
16763.4,1900,599.6,2730537.9,1253778,9.168695,47.421859,
16773.5,1910.1,599.4,2730528.5,1253781.5,9.168572,47.421892,
16783.4,1920,599.2,2730519.3,1253785.2,9.168451,47.421928,
16793.4,1930,599.3,2730510.1,1253789.2,9.16833,47.421965,
16803.4,1940,599.1,2730500.9,1253793.2,9.168209,47.422003,
16813.4,1950,599,2730491.9,1253797.5,9.168091,47.422044,
16823.5,1960.1,598.8,2730482.9,1253802,9.167974,47.422086,
16833.4,1970,598.8,2730474.1,1253806.6,9.167858,47.422129,
16843.4,1980,598.6,2730465.3,1253811.4,9.167743,47.422174,
16853.5,1990.1,598.6,2730456.6,1253816.4,9.167629,47.42222,
16863.4,2000,598.5,2730448.1,1253821.5,9.167518,47.422268,
16873.4,2010,598.4,2730439.6,1253826.8,9.167407,47.422317,
16883.4,2020,598.4,2730431.2,1253832.3,9.167297,47.422369,
16893.4,2030,598.1,2730423,1253838,9.16719,47.422421,
16903.5,2040.1,598,2730414.8,1253843.8,9.167083,47.422475,
16913.5,2050.1,597.9,2730406.8,1253849.8,9.166979,47.422531,
16923.4,2060,597.8,2730398.9,1253855.9,9.166876,47.422587,
16933.4,2070,597.9,2730391.2,1253862.2,9.166776,47.422645,
16943.5,2080.1,597.7,2730383.5,1253868.7,9.166676,47.422705,
16953.5,2090.1,597.7,2730376,1253875.3,9.166579,47.422766,
16963.4,2100,597.4,2730368.6,1253882,9.166483,47.422828,
16973.4,2110,597.3,2730361.4,1253888.9,9.166389,47.422891,
16983.4,2120,597.3,2730354.3,1253895.9,9.166297,47.422956,
16993.4,2130,597.1,2730347.3,1253903.1,9.166206,47.423022,
17003.4,2140,597.1,2730340.5,1253910.4,9.166119,47.423089,
17013.5,2150.1,596.9,2730333.8,1253917.9,9.166032,47.423158,
17023.5,2160.1,596.8,2730327.3,1253925.5,9.165948,47.423227,
17033.4,2170,596.8,2730321,1253933.2,9.165867,47.423298,
17043.4,2180,596.8,2730314.7,1253941,9.165786,47.423369,
17053.4,2190,596.7,2730308.7,1253949,9.165708,47.423442,
17063.5,2200.1,596.6,2730302.8,1253957.1,9.165633,47.423516,
17073.4,2210,596.4,2730297.1,1253965.3,9.165559,47.423591,
17083.5,2220.1,596.2,2730291.5,1253973.6,9.165488,47.423667,
17093.4,2230,596.1,2730286.1,1253982,9.165419,47.423743,
17103.5,2240.1,596.2,2730280.8,1253990.5,9.165351,47.423821,
17113.4,2250,595.9,2730275.6,1253999,9.165284,47.423898,
17123.4,2260,596,2730270.5,1254007.6,9.165219,47.423977,
17133.4,2270,595.8,2730265.4,1254016.2,9.165154,47.424055,
17143.5,2280.1,595.7,2730260.4,1254024.9,9.165091,47.424134,
17153.4,2290,595.5,2730255.4,1254033.5,9.165027,47.424212,
17163.4,2300,595.4,2730250.4,1254042.2,9.164963,47.424292,
17173.4,2310,595.4,2730245.3,1254050.8,9.164898,47.42437,
17183.5,2320.1,595.3,2730240.3,1254059.5,9.164834,47.424449,
17193.4,2330,595.2,2730235.3,1254068.1,9.164771,47.424528,
17203.5,2340.1,595,2730230.3,1254076.8,9.164707,47.424607,
17213.4,2350,595,2730225.3,1254085.4,9.164643,47.424685,
17223.5,2360.1,594.8,2730220.2,1254094.1,9.164578,47.424764,
17233.4,2370,594.8,2730215.2,1254102.7,9.164514,47.424843,
17243.5,2380.1,594.7,2730210.2,1254111.4,9.164451,47.424922,
17253.4,2390,594.6,2730205.2,1254120,9.164387,47.425,
17263.5,2400.1,594.5,2730200.2,1254128.7,9.164323,47.425079,
17273.4,2410,594.3,2730195.2,1254137.3,9.16426,47.425158,
17283.5,2420.1,594.2,2730190.1,1254146,9.164194,47.425237,
17293.4,2430,594.2,2730185.1,1254154.6,9.164131,47.425315,
17303.5,2440.1,594.1,2730180.1,1254163.3,9.164067,47.425395,
17313.4,2450,593.9,2730175.1,1254171.9,9.164003,47.425473,
17323.4,2460,593.9,2730170.1,1254180.6,9.16394,47.425552,
17333.4,2470,593.8,2730165,1254189.2,9.163874,47.42563,
17343.5,2480.1,593.7,2730160,1254197.9,9.163811,47.42571,
17353.4,2490,593.6,2730155,1254206.5,9.163747,47.425788,
17363.4,2500,593.4,2730149.9,1254215.1,9.163682,47.425866,
17373.5,2510.1,593.4,2730144.7,1254223.7,9.163616,47.425945,
17383.4,2520,593.3,2730139.5,1254232.2,9.163549,47.426022,
17393.5,2530.1,593.1,2730134.2,1254240.7,9.163481,47.4261,
17403.4,2540,593.2,2730128.8,1254249.1,9.163412,47.426176,
17413.5,2550.1,593.1,2730123.2,1254257.4,9.16334,47.426252,
17423.4,2560,592.9,2730117.5,1254265.6,9.163267,47.426327,
17433.4,2570,592.8,2730111.7,1254273.7,9.163193,47.426401,
17443.5,2580.1,592.6,2730105.7,1254281.8,9.163116,47.426475,
17453.5,2590.1,592.6,2730099.6,1254289.7,9.163037,47.426547,
17463.4,2600,592.4,2730093.4,1254297.5,9.162957,47.426618,
17473.4,2610,592.4,2730087,1254305.2,9.162875,47.426689,
17483.4,2620,592.1,2730080.5,1254312.8,9.162791,47.426759,
17493.4,2630,592.2,2730073.9,1254320.3,9.162706,47.426827,
17503.5,2640.1,592,2730067.1,1254327.7,9.162618,47.426895,
17513.4,2650,591.8,2730060.3,1254334.9,9.16253,47.426961,
17523.4,2660,591.7,2730053.2,1254342,9.162438,47.427026,
17533.5,2670.1,591.7,2730046.1,1254349.1,9.162346,47.427092,
17543.4,2680,591.5,2730038.9,1254356,9.162252,47.427155,
17553.4,2690,591.5,2730031.5,1254362.7,9.162156,47.427217,
17563.5,2700.1,591.3,2730024,1254369.4,9.162059,47.427279,
17573.4,2710,591.4,2730016.5,1254375.9,9.161961,47.427339,
17583.4,2720,591,2730008.8,1254382.3,9.161861,47.427398,
17593.4,2730,591.1,2730001,1254388.5,9.161759,47.427455,
17603.4,2740,591,2729993,1254394.6,9.161655,47.427511,
17613.4,2750,591,2729985,1254400.6,9.161551,47.427567,
17623.5,2760.1,590.8,2729976.9,1254406.5,9.161445,47.427622,
17633.5,2770.1,590.6,2729968.7,1254412.2,9.161338,47.427674,
17643.4,2780,590.7,2729960.4,1254417.7,9.16123,47.427726,
17653.4,2790,590.5,2729952,1254423.2,9.16112,47.427777,
17663.5,2800.1,590.5,2729943.5,1254428.5,9.161009,47.427826,
17673.4,2810,590.3,2729935,1254433.6,9.160898,47.427874,
17683.4,2820,590.1,2729926.3,1254438.6,9.160784,47.42792,
17693.4,2830,590.1,2729917.6,1254443.5,9.16067,47.427966,
17703.4,2840,589.9,2729908.8,1254448.2,9.160555,47.42801,
17713.4,2850,590,2729899.9,1254452.8,9.160439,47.428053,
17723.5,2860.1,589.9,2729890.9,1254457.3,9.160321,47.428095,
17733.4,2870,589.6,2729881.9,1254461.6,9.160203,47.428136,
17743.4,2880,589.6,2729872.8,1254465.7,9.160083,47.428174,
17753.4,2890,589.4,2729863.6,1254469.7,9.159962,47.428212,
17763.4,2900,589.5,2729854.4,1254473.5,9.159842,47.428248,
17773.4,2910,589.4,2729845.1,1254477.2,9.15972,47.428283,
17783.5,2920.1,589.3,2729835.7,1254480.8,9.159596,47.428318,
17793.5,2930.1,588.9,2729826.3,1254484.2,9.159472,47.42835,
17803.4,2940,589,2729816.9,1254487.4,9.159349,47.428381,
17813.4,2950,588.9,2729807.4,1254490.5,9.159224,47.42841,
17823.4,2960,588.8,2729797.8,1254493.4,9.159097,47.428438,
17833.4,2970,588.5,2729788.2,1254496.2,9.158971,47.428465,
17843.5,2980.1,588.6,2729778.5,1254498.8,9.158843,47.428491,
17853.5,2990.1,588.6,2729768.8,1254501.3,9.158715,47.428515,
17863.4,3000,588.3,2729759.1,1254503.6,9.158588,47.428538,
17873.4,3010,588.2,2729749.4,1254505.9,9.15846,47.42856,
17883.5,3020.1,588.1,2729739.6,1254508.1,9.158331,47.428582,
17893.4,3030,588,2729729.9,1254510.3,9.158203,47.428604,
17903.4,3040,587.9,2729720.1,1254512.4,9.158073,47.428624,
17913.5,3050.1,587.8,2729710.3,1254514.6,9.157944,47.428646,
17923.4,3060,587.7,2729700.6,1254516.7,9.157816,47.428667,
17933.4,3070,587.6,2729690.8,1254518.9,9.157687,47.428689,
17943.5,3080.1,587.6,2729681,1254521,9.157558,47.428709,
17953.4,3090,587.5,2729671.3,1254523.1,9.15743,47.42873,
17963.4,3100,587.4,2729661.5,1254525.3,9.157301,47.428752,
17973.5,3110.1,587.3,2729651.7,1254527.4,9.157171,47.428773,
17983.4,3120,587.2,2729642,1254529.6,9.157044,47.428795,
17993.4,3130,587.1,2729632.2,1254531.7,9.156914,47.428815,
18003.5,3140.1,587,2729622.4,1254533.9,9.156785,47.428837,
18013.4,3150,586.7,2729612.7,1254536,9.156657,47.428858,
18023.4,3160,586.7,2729602.9,1254538.1,9.156528,47.428879,
18033.5,3170.1,586.6,2729593.1,1254540.3,9.156399,47.4289,
18043.4,3180,586.6,2729583.4,1254542.4,9.156271,47.428921,
18053.4,3190,586.5,2729573.6,1254544.6,9.156141,47.428943,
18063.4,3200,586.4,2729563.8,1254546.7,9.156012,47.428964,
18073.4,3210,586.3,2729554.1,1254548.9,9.155884,47.428985,
18083.4,3220,586.3,2729544.3,1254551,9.155755,47.429006,
18093.4,3230,586.2,2729534.5,1254553.1,9.155626,47.429027,
18103.4,3240,586.1,2729524.8,1254555.3,9.155498,47.429049,
18113.4,3250,585.9,2729515,1254557.4,9.155369,47.429069,
18123.5,3260.1,585.8,2729505.2,1254559.6,9.155239,47.429091,
18133.5,3270.1,585.6,2729495.4,1254561.7,9.15511,47.429112,
18143.4,3280,585.5,2729485.7,1254563.9,9.154982,47.429134,
18153.4,3290,585.4,2729475.9,1254566,9.154853,47.429155,
18163.5,3300.1,585.3,2729466.1,1254568.1,9.154724,47.429175,
18173.4,3310,585.2,2729456.4,1254570.3,9.154596,47.429197,
18183.4,3320,585.1,2729446.6,1254572.4,9.154467,47.429218,
18193.5,3330.1,585.1,2729436.8,1254574.6,9.154337,47.42924,
18203.4,3340,585,2729427.1,1254576.7,9.15421,47.42926,
18213.4,3350,584.9,2729417.3,1254578.9,9.15408,47.429282,
18223.5,3360.1,584.8,2729407.5,1254581,9.153951,47.429303,
18233.4,3370,584.7,2729397.8,1254583.1,9.153823,47.429324,
18243.4,3380,584.7,2729388,1254585.3,9.153694,47.429345,
18253.5,3390.1,584.5,2729378.2,1254587.4,9.153565,47.429366,
18263.4,3400,584.4,2729368.5,1254589.6,9.153437,47.429388,
18273.4,3410,584.3,2729358.7,1254591.7,9.153308,47.429409,
18283.5,3420.1,584.2,2729348.9,1254593.9,9.153178,47.42943,
18293.4,3430,583.9,2729339.2,1254596,9.15305,47.429451,
18303.4,3440,583.9,2729329.4,1254598.1,9.152921,47.429472,
18313.5,3450.1,583.8,2729319.6,1254600.3,9.152792,47.429494,
18323.4,3460,583.8,2729309.9,1254602.4,9.152664,47.429514,
18333.4,3470,583.6,2729300.1,1254604.6,9.152535,47.429536,
18343.5,3480.1,583.5,2729290.3,1254606.7,9.152405,47.429557,
18353.4,3490,583.5,2729280.6,1254608.9,9.152278,47.429579,
18363.4,3500,583.4,2729270.8,1254611,9.152148,47.429599,
18373.4,3510,583.3,2729261,1254613.1,9.152019,47.42962,
18383.4,3520,583.1,2729251.3,1254615.3,9.151891,47.429642,
18393.4,3530,583,2729241.5,1254617.4,9.151762,47.429663,
18403.5,3540.1,582.9,2729231.7,1254619.6,9.151633,47.429684,
18413.4,3550,582.8,2729222,1254621.7,9.151505,47.429705,
18423.4,3560,582.7,2729212.2,1254623.9,9.151376,47.429727,
18433.5,3570.1,582.6,2729202.4,1254626,9.151246,47.429748,
18443.5,3580.1,582.4,2729192.6,1254628.1,9.151117,47.429769,
18453.4,3590,582.3,2729182.9,1254630.3,9.150989,47.42979,
18463.4,3600,582.3,2729173.1,1254632.4,9.15086,47.429811,
18473.5,3610.1,582.2,2729163.3,1254634.6,9.150731,47.429833,
18483.4,3620,582.1,2729153.6,1254636.7,9.150603,47.429854,
18493.5,3630.1,582,2729143.8,1254638.9,9.150474,47.429875,
18503.5,3640.1,581.9,2729134,1254641,9.150344,47.429896,
18513.4,3650,581.9,2729124.3,1254643.1,9.150216,47.429917,
18523.4,3660,581.8,2729114.5,1254645.3,9.150087,47.429939,
18533.5,3670.1,581.6,2729104.7,1254647.4,9.149958,47.429959,
18543.4,3680,581.5,2729095,1254649.6,9.14983,47.429981,
18553.4,3690,581.4,2729085.2,1254651.6,9.149701,47.430001,
18563.4,3700,581.4,2729075.4,1254653.7,9.149571,47.430022,
18573.4,3710,581.2,2729065.6,1254655.6,9.149442,47.430041,
18583.4,3720,581.1,2729055.8,1254657.5,9.149313,47.43006,
18593.5,3730.1,581.1,2729045.9,1254659.3,9.149182,47.430078,
18603.4,3740,581.1,2729036.1,1254660.9,9.149053,47.430094,
18613.4,3750,580.7,2729026.2,1254662.3,9.148922,47.430109,
18623.5,3760.1,580.8,2729016.2,1254663.6,9.14879,47.430122,
18633.4,3770,580.7,2729006.3,1254664.7,9.148659,47.430134,
18643.4,3780,580.6,2728996.4,1254665.7,9.148528,47.430145,
18653.4,3790,580.3,2728986.4,1254666.4,9.148396,47.430153,
18663.4,3800,580.4,2728976.4,1254666.9,9.148263,47.43016,
18673.4,3810,580.3,2728966.4,1254667.3,9.148131,47.430165,
18683.4,3820,580.2,2728956.4,1254667.5,9.147999,47.430169,
18693.4,3830,580.1,2728946.4,1254667.5,9.147866,47.430171,
18703.4,3840,580,2728936.4,1254667.4,9.147733,47.430172,
18713.4,3850,580,2728926.4,1254667.1,9.147601,47.430171,
18723.4,3860,579.9,2728916.4,1254666.8,9.147468,47.430171,
18733.5,3870.1,579.6,2728906.4,1254666.4,9.147336,47.430169,
18743.5,3880.1,579.5,2728896.4,1254665.9,9.147203,47.430167,
18753.5,3890.1,579.4,2728886.4,1254665.3,9.14707,47.430163,
18763.4,3900,579.4,2728876.5,1254664.8,9.146939,47.430161,
18773.4,3910,579.2,2728866.5,1254664.3,9.146806,47.430158,
18783.4,3920,579.1,2728856.5,1254663.7,9.146674,47.430155,
18793.4,3930,579,2728846.5,1254663.2,9.146541,47.430152,
18803.5,3940.1,578.9,2728836.5,1254662.6,9.146408,47.430149,
18813.5,3950.1,578.8,2728826.5,1254662.1,9.146276,47.430146,
18823.4,3960,578.6,2728816.6,1254661.5,9.146144,47.430143,
18833.4,3970,578.6,2728806.6,1254661,9.146012,47.43014,
18843.4,3980,578.5,2728796.6,1254660.4,9.145879,47.430137,
18853.4,3990,578.3,2728786.6,1254659.9,9.145746,47.430134,
18863.5,4000.1,578.2,2728776.6,1254659.3,9.145614,47.430131,
18873.5,4010.1,578.2,2728766.6,1254658.8,9.145481,47.430128,
18883.5,4020.1,578.2,2728756.6,1254658.4,9.145348,47.430127,
18893.5,4030.1,578,2728746.6,1254658,9.145216,47.430125,
18903.5,4040.1,577.8,2728736.6,1254657.7,9.145083,47.430124,
18913.5,4050.1,577.7,2728726.6,1254657.5,9.14495,47.430124,
18923.5,4060.1,577.5,2728716.6,1254657.5,9.144818,47.430126,
18933.5,4070.1,577.4,2728706.6,1254657.6,9.144685,47.430129,
18943.4,4080,577.4,2728696.7,1254657.9,9.144554,47.430134,
18953.4,4090,577.5,2728686.7,1254658.4,9.144422,47.43014,
18963.4,4100,577.3,2728676.7,1254659,9.14429,47.430148,
18973.5,4110.1,577,2728666.7,1254659.9,9.144157,47.430158,
18983.4,4120,577.2,2728656.8,1254660.9,9.144027,47.430169,
18993.4,4130,577,2728646.9,1254662.1,9.143896,47.430181,
19003.4,4140,576.7,2728637,1254663.6,9.143765,47.430197,
19013.4,4150,576.7,2728627.1,1254665.2,9.143634,47.430213,
19023.5,4160.1,576.7,2728617.2,1254667,9.143504,47.430231,
19033.5,4170.1,576.6,2728607.4,1254668.9,9.143374,47.43025,
19043.4,4180,576.4,2728597.7,1254671,9.143246,47.430271,
19053.4,4190,576.3,2728587.9,1254673.2,9.143117,47.430293,
19063.4,4200,576.2,2728578.2,1254675.5,9.142989,47.430315,
19073.4,4210,576.1,2728568.5,1254677.9,9.142861,47.430339,
19083.4,4220,576,2728558.8,1254680.3,9.142733,47.430362,
19093.4,4230,576,2728549.1,1254682.8,9.142606,47.430386,
19103.4,4240,575.8,2728539.4,1254685.3,9.142478,47.430411,
19113.4,4250,575.7,2728529.7,1254687.8,9.14235,47.430435,
19123.5,4260.1,575.7,2728520,1254690.3,9.142222,47.43046,
19133.5,4270.1,575.6,2728510.3,1254692.8,9.142094,47.430484,
19143.4,4280,575.5,2728500.7,1254695.3,9.141968,47.430508,
19153.4,4290,575.3,2728491,1254697.8,9.14184,47.430533,
19163.4,4300,575.3,2728481.3,1254700.3,9.141712,47.430557,
19173.4,4310,575.2,2728471.6,1254702.8,9.141584,47.430581,
19183.5,4320.1,575,2728461.9,1254705.3,9.141457,47.430606,
19193.4,4330,574.9,2728452.3,1254707.8,9.14133,47.43063,
19203.4,4340,574.8,2728442.6,1254710.3,9.141202,47.430655,
19213.4,4350,574.8,2728432.9,1254712.8,9.141075,47.430679,
19223.4,4360,574.6,2728423.2,1254715.3,9.140947,47.430703,
19233.5,4370.1,574.5,2728413.5,1254717.8,9.140819,47.430728,
19243.5,4380.1,574.6,2728403.8,1254720.3,9.140691,47.430752,
19253.4,4390,574.5,2728394.2,1254722.8,9.140565,47.430776,
19263.4,4400,574.3,2728384.5,1254725.3,9.140437,47.430801,
19273.4,4410,574.2,2728374.8,1254727.8,9.140309,47.430825,
19283.4,4420,574,2728365.1,1254730.2,9.140181,47.430849,
19293.4,4430,574,2728355.4,1254732.5,9.140053,47.430871,
19303.5,4440.1,573.9,2728345.6,1254734.8,9.139924,47.430894,
19313.4,4450,573.8,2728335.9,1254736.9,9.139796,47.430915,
19323.4,4460,573.8,2728326.1,1254739,9.139667,47.430935,
19333.5,4470.1,573.7,2728316.2,1254740.9,9.139536,47.430954,
19343.4,4480,573.6,2728306.4,1254742.7,9.139407,47.430972,
19353.5,4490.1,573.4,2728296.5,1254744.3,9.139276,47.430989,
19363.5,4500.1,573.3,2728286.6,1254745.7,9.139145,47.431003,
19373.5,4510.1,573.4,2728276.7,1254747,9.139014,47.431017,
19383.4,4520,573.1,2728266.8,1254748.1,9.138884,47.431029,
19393.5,4530.1,573.2,2728256.8,1254749,9.138751,47.431039,
19403.4,4540,573,2728246.9,1254749.7,9.13862,47.431047,
19413.4,4550,572.9,2728236.9,1254750.3,9.138488,47.431054,
19423.4,4560,572.8,2728226.9,1254750.7,9.138356,47.43106,
19433.4,4570,572.8,2728216.9,1254750.9,9.138223,47.431064,
19443.4,4580,572.6,2728206.9,1254751,9.138091,47.431066,
19453.4,4590,572.5,2728196.9,1254750.9,9.137958,47.431068,
19463.4,4600,572.3,2728186.9,1254750.6,9.137826,47.431067,
19473.4,4610,572.3,2728176.9,1254750.1,9.137693,47.431064,
19483.4,4620,572.1,2728166.9,1254749.6,9.13756,47.431062,
19493.5,4630.1,572,2728156.9,1254748.9,9.137427,47.431057,
19503.4,4640,571.8,2728147,1254748.1,9.137296,47.431052,
19513.4,4650,571.8,2728137,1254747.2,9.137163,47.431046,
19523.4,4660,571.6,2728127.1,1254746.2,9.137032,47.431039,
19533.4,4670,571.5,2728117.1,1254745.2,9.136899,47.431032,
19543.4,4680,571.4,2728107.2,1254744.2,9.136768,47.431025,115
19553.4,4690,571.3,2728097.2,1254743.1,9.136635,47.431017,
19563.4,4700,571.2,2728087.3,1254742.1,9.136503,47.43101,
19573.5,4710.1,571.1,2728077.3,1254741,9.13637,47.431002,
19583.4,4720,571,2728067.4,1254740,9.136239,47.430995,
19593.5,4730.1,570.9,2728057.4,1254738.9,9.136106,47.430987,
19603.4,4740,570.8,2728047.5,1254737.9,9.135975,47.43098,
19613.5,4750.1,570.8,2728037.5,1254736.9,9.135842,47.430973,
19623.4,4760,570.6,2728027.6,1254735.9,9.13571,47.430966,
19633.5,4770.1,570.5,2728017.6,1254735.1,9.135578,47.43096,
19643.5,4780.1,570.5,2728007.6,1254734.4,9.135445,47.430956,
19653.4,4790,570.2,2727997.7,1254733.9,9.135314,47.430953,
19663.4,4800,570,2727987.7,1254733.6,9.135181,47.430953,
19673.4,4810,570,2727977.7,1254733.6,9.135048,47.430955,
19683.4,4820,569.9,2727967.7,1254733.8,9.134916,47.430958,
19693.4,4830,570.1,2727957.7,1254734.4,9.134784,47.430966,
19703.4,4840,569.8,2727947.7,1254735.2,9.134651,47.430975,
19713.4,4850,570,2727937.8,1254736.3,9.13452,47.430987,
19723.4,4860,569.5,2727927.9,1254737.7,9.13439,47.431001,
19733.5,4870.1,569.5,2727918,1254739.4,9.134259,47.431018,
19743.5,4880.1,569.4,2727908.2,1254741.4,9.13413,47.431038,
19753.4,4890,569.3,2727898.5,1254743.6,9.134002,47.43106,
19763.4,4900,569.4,2727888.8,1254746.1,9.133874,47.431084,
19773.4,4910,569.2,2727879.2,1254748.9,9.133748,47.431111,
19783.4,4920,569.2,2727869.7,1254752,9.133623,47.431141,
19793.5,4930.1,569,2727860.2,1254755.3,9.133498,47.431173,
19803.4,4940,569,2727850.9,1254758.9,9.133375,47.431207,
19813.4,4950,568.8,2727841.7,1254762.8,9.133255,47.431244,
19823.4,4960,568.8,2727832.6,1254766.9,9.133135,47.431282,
19833.4,4970,568.3,2727823.6,1254771.3,9.133017,47.431324,
19843.4,4980,568.4,2727814.8,1254776,9.132902,47.431368,
19853.5,4990.1,568.4,2727806,1254780.9,9.132787,47.431413,
19863.4,5000,568.3,2727797.5,1254786,9.132676,47.431461,
19873.5,5010.1,568,2727789,1254791.4,9.132564,47.431511,
19883.4,5020,568.1,2727780.8,1254797,9.132457,47.431563,
19893.4,5030,568,2727772.7,1254802.9,9.132352,47.431618,
19903.4,5040,567.8,2727764.7,1254808.9,9.132247,47.431673,
19913.4,5050,567.6,2727757,1254815.3,9.132147,47.431732,
19923.4,5060,567.4,2727749.4,1254821.8,9.132048,47.431792,
19933.4,5070,567.4,2727742,1254828.5,9.131952,47.431854,
19943.5,5080.1,567.2,2727734.8,1254835.5,9.131859,47.431918,
19953.4,5090,567,2727727.8,1254842.6,9.131768,47.431983,
19963.4,5100,567.2,2727721.1,1254850,9.131681,47.432051,
19973.4,5110,566.9,2727714.5,1254857.5,9.131596,47.43212,
19983.5,5120.1,567,2727708.1,1254865.3,9.131513,47.432191,
19993.5,5130.1,566.8,2727702,1254873.2,9.131435,47.432263,
20003.4,5140,566.7,2727696.1,1254881.2,9.131359,47.432337,
20013.4,5150,566.5,2727690.5,1254889.5,9.131287,47.432412,
20023.5,5160.1,566.2,2727685,1254897.9,9.131217,47.432489,
20033.4,5170,566.1,2727679.9,1254906.4,9.131152,47.432566,
20043.4,5180,566.2,2727674.9,1254915.1,9.131088,47.432645,
20053.4,5190,566.1,2727670.3,1254924,9.131029,47.432726,
20063.4,5200,565.8,2727665.8,1254932.9,9.130972,47.432807,
20073.4,5210,565.8,2727661.7,1254942,9.130921,47.43289,
20083.5,5220.1,565.5,2727657.8,1254951.3,9.130872,47.432974,
20093.4,5230,565.6,2727654.2,1254960.6,9.130826,47.433059,
20103.4,5240,565.6,2727650.8,1254970,9.130784,47.433144,
20113.4,5250,565.5,2727647.7,1254979.5,9.130746,47.43323,
20123.4,5260,565.4,2727644.9,1254989.1,9.130711,47.433317,
20133.4,5270,565.3,2727642.4,1254998.8,9.130681,47.433404,
20143.4,5280,565.2,2727640.1,1255008.5,9.130653,47.433492,
20153.4,5290,565.1,2727638.2,1255018.3,9.130631,47.433581,
20163.4,5300,565,2727636.5,1255028.2,9.130611,47.43367,
20173.4,5310,564.9,2727635.1,1255038.1,9.130596,47.433759,
20183.4,5320,564.9,2727634,1255048,9.130584,47.433848,
20193.4,5330,564.8,2727633.1,1255058,9.130575,47.433939,
20203.5,5340.1,564.7,2727632.4,1255068,9.130568,47.434029,
20213.5,5350.1,564.5,2727632,1255078,9.130566,47.434119,
20223.4,5360,564.3,2727631.8,1255087.9,9.130566,47.434208,
20233.4,5370,564.2,2727631.8,1255097.9,9.130569,47.434298,
20243.4,5380,564.3,2727632.1,1255107.9,9.130576,47.434387,
20253.4,5390,564.2,2727632.6,1255117.9,9.130585,47.434477,
20263.4,5400,563.9,2727633.3,1255127.9,9.130597,47.434567,
20273.5,5410.1,564.1,2727634.2,1255137.9,9.130612,47.434657,
20283.4,5420,563.8,2727635.4,1255147.8,9.130631,47.434746,
20293.4,5430,563.7,2727636.8,1255157.7,9.130652,47.434834,
20303.5,5440.1,563.6,2727638.4,1255167.6,9.130676,47.434923,
20313.4,5450,563.6,2727640.2,1255177.4,9.130703,47.435011,
20323.4,5460,563.6,2727642.1,1255187.2,9.130731,47.435099,
20333.4,5470,563.7,2727644.3,1255197,9.130763,47.435186,
20343.4,5480,563.6,2727646.5,1255206.7,9.130795,47.435273,
20353.5,5490.1,563.7,2727648.8,1255216.5,9.130828,47.435361,
20363.4,5500,564.4,2727651.2,1255226.2,9.130863,47.435448,
20373.5,5510.1,564.5,2727653.7,1255235.9,9.130899,47.435534,
20383.4,5520,564.5,2727656.2,1255245.5,9.130934,47.43562,
20393.4,5530,564.5,2727658.7,1255255.2,9.13097,47.435707,
20403.4,5540,564.6,2727661.2,1255264.9,9.131006,47.435794,
20413.4,5550,564.6,2727663.7,1255274.6,9.131042,47.43588,
20423.5,5560.1,564.5,2727666.2,1255284.3,9.131078,47.435967,
20433.4,5570,564.6,2727668.7,1255293.9,9.131114,47.436053,
20443.4,5580,564.6,2727671.2,1255303.6,9.13115,47.43614,
20453.4,5590,564.6,2727673.8,1255313.3,9.131187,47.436226,
20463.4,5600,564.6,2727676.3,1255323,9.131223,47.436313,
20472.7,5609.3,564.6,2727678.6,1255332,9.131256,47.436394,
20482.7,10,564.5,2727681.1,1255341.7,9.131292,47.43648,
20492.6,19.9,564.6,2727683.6,1255351.3,9.131328,47.436566,
20502.6,29.9,564.5,2727686,1255361,9.131362,47.436653,
20512.7,40,564.5,2727688.4,1255370.8,9.131397,47.436741,
20522.7,50,564.5,2727690.7,1255380.5,9.13143,47.436827,
20532.7,60,564.5,2727692.8,1255390.3,9.131461,47.436915,
20542.7,70,564.5,2727694.8,1255400.1,9.13149,47.437003,
20552.7,80,564.5,2727696.6,1255409.9,9.131517,47.437091,
20562.7,90,564.5,2727698.3,1255419.8,9.131542,47.437179,
20572.7,100,564.6,2727699.6,1255429.7,9.131562,47.437268,
20582.7,110,564.6,2727700.7,1255439.6,9.13158,47.437357,
20592.7,120,564.6,2727701.6,1255449.6,9.131594,47.437447,
20602.7,130,564.6,2727702.2,1255459.6,9.131605,47.437536,
20612.6,139.9,564.5,2727702.5,1255469.5,9.131612,47.437625,
20622.6,149.9,564.5,2727702.6,1255479.5,9.131616,47.437715,
20632.6,159.9,564.5,2727702.5,1255489.5,9.131618,47.437805,
20642.6,169.9,564.5,2727702.1,1255499.5,9.131615,47.437895,
20652.7,180,564.5,2727701.4,1255509.5,9.131609,47.437985,
20662.7,190,564.5,2727700.5,1255519.5,9.1316,47.438075,
20672.7,200,564.5,2727699.4,1255529.4,9.131588,47.438165,
20682.7,210,564.5,2727697.9,1255539.3,9.131571,47.438254,
20692.7,220,563.9,2727696.3,1255549.2,9.131553,47.438343,
20702.7,230,563.8,2727694.4,1255559,9.13153,47.438432,
20712.6,239.9,563.9,2727692.2,1255568.7,9.131504,47.438519,
20722.6,249.9,564.2,2727689.8,1255578.4,9.131475,47.438607,
20732.7,260,563.9,2727687.1,1255588.1,9.131442,47.438695,
20742.7,270,563.9,2727684.3,1255597.7,9.131408,47.438782,
20752.7,280,563.9,2727681.1,1255607.2,9.131368,47.438868,
20762.7,290,563.9,2727677.7,1255616.6,9.131325,47.438953,
20772.7,300,564,2727674.1,1255625.9,9.13128,47.439037,
20782.6,309.9,564,2727670.3,1255635.1,9.131233,47.439121,
20792.7,320,564,2727666.2,1255644.3,9.131181,47.439204,
20802.7,330,563.9,2727661.9,1255653.3,9.131127,47.439286,
20812.7,340,563.9,2727657.4,1255662.2,9.131069,47.439367,
20822.7,350,563.8,2727652.8,1255671.1,9.131011,47.439448,
20832.7,360,563.8,2727647.9,1255679.8,9.130949,47.439527,
20842.7,370,563.8,2727643,1255688.5,9.130886,47.439606,
20852.7,380,563.7,2727637.9,1255697.1,9.130821,47.439684,
20862.7,390,563.7,2727632.7,1255705.7,9.130755,47.439763,
20872.7,400,563.7,2727627.5,1255714.2,9.130688,47.43984,
20882.7,410,563.7,2727622.1,1255722.6,9.130619,47.439917,
20892.6,419.9,563.6,2727616.7,1255731,9.13055,47.439993,
20902.7,430,563.6,2727611.2,1255739.4,9.130479,47.44007,
20912.7,440,563.6,2727605.6,1255747.7,9.130407,47.440146,
20922.7,450,563.8,2727599.9,1255755.9,9.130334,47.440221,
20932.7,460,563.5,2727594.1,1255764.1,9.13026,47.440295,
20942.7,470,563.5,2727588.3,1255772.2,9.130185,47.440369,
20952.7,480,563.4,2727582.4,1255780.3,9.130109,47.440443,
20962.7,490,563.4,2727576.4,1255788.3,9.130032,47.440516,
20972.7,500,563.4,2727570.3,1255796.2,9.129953,47.440589,
20982.7,510,563.3,2727564.2,1255804.1,9.129875,47.440661,
20992.7,520,563.5,2727557.9,1255811.9,9.129794,47.440732,
21002.7,530,563.4,2727551.6,1255819.7,9.129712,47.440804,
21012.7,540,563.4,2727545.2,1255827.3,9.12963,47.440873,
21022.6,549.9,563.3,2727538.6,1255834.8,9.129544,47.440942,
21032.7,560,563.3,2727531.8,1255842.2,9.129456,47.44101,
21042.7,570,563.3,2727524.9,1255849.4,9.129367,47.441076,
21052.7,580,563.3,2727517.8,1255856.5,9.129275,47.441141,
21062.7,590,563.1,2727510.5,1255863.3,9.12918,47.441204,
21072.7,600,562.7,2727503.1,1255870,9.129084,47.441265,
21082.7,610,562.9,2727495.4,1255876.4,9.128984,47.441324,
21092.7,620,562.8,2727487.6,1255882.7,9.128882,47.441382,
21102.7,630,562.7,2727479.7,1255888.8,9.128779,47.441439,
21112.6,639.9,562.6,2727471.6,1255894.6,9.128673,47.441493,
21122.6,649.9,562.4,2727463.4,1255900.3,9.128566,47.441545,
21132.6,659.9,562.3,2727455,1255905.7,9.128456,47.441596,
21142.7,670,562.2,2727446.4,1255911,9.128344,47.441645,
21152.7,680,561.9,2727437.8,1255916,9.128231,47.441692,
21162.7,690,562,2727429,1255920.8,9.128116,47.441736,
21172.7,700,561.9,2727420.1,1255925.3,9.128,47.441779,
21182.7,710,561.7,2727411.1,1255929.7,9.127881,47.44182,
21192.7,720,561.7,2727402,1255933.8,9.127762,47.441859,
21202.6,729.9,561.5,2727392.8,1255937.6,9.127641,47.441894,
21212.7,740,561.5,2727383.4,1255941.2,9.127518,47.441929,
21222.7,750,561.2,2727374,1255944.6,9.127394,47.441961,
21232.7,760,561.2,2727364.5,1255947.8,9.127269,47.441992,
21242.6,769.9,561.1,2727355,1255950.7,9.127144,47.44202,
21252.7,780,561,2727345.3,1255953.4,9.127016,47.442046,
21262.7,790,560.8,2727335.6,1255955.8,9.126888,47.442069,
21272.6,799.9,560.7,2727325.9,1255957.9,9.12676,47.44209,
21282.6,809.9,560.6,2727316.1,1255959.9,9.126631,47.44211,
21292.7,820,560.6,2727306.2,1255961.5,9.1265,47.442126,
21302.7,830,560.4,2727296.3,1255963,9.126369,47.442142,
21312.7,840,560.2,2727286.4,1255964.3,9.126239,47.442155,
21322.7,850,560.3,2727276.4,1255965.4,9.126106,47.442167,
21332.7,860,560,2727266.5,1255966.3,9.125975,47.442177,
21342.7,870,560,2727256.5,1255967.2,9.125843,47.442187,
21352.6,879.9,559.8,2727246.6,1255968,9.125712,47.442196,
21362.7,890,559.8,2727236.6,1255968.7,9.12558,47.442204,
21372.7,900,559.6,2727226.6,1255969.4,9.125447,47.442213,
21382.7,910,559.5,2727216.6,1255970.1,9.125315,47.442221,
21392.6,919.9,559.4,2727206.7,1255970.8,9.125184,47.442229,
21402.7,930,559.3,2727196.7,1255971.5,9.125052,47.442237,
21412.7,940,559.2,2727186.7,1255972.2,9.124919,47.442245,
21422.7,950,559.1,2727176.7,1255972.9,9.124787,47.442254,
21432.6,959.9,559,2727166.8,1255973.6,9.124656,47.442262,
21442.6,969.9,558.9,2727156.8,1255974.3,9.124524,47.44227,
21452.7,980,558.8,2727146.8,1255975.1,9.124391,47.442279,
21462.7,990,558.8,2727136.8,1255975.9,9.124259,47.442288,
21472.6,999.9,558.7,2727126.9,1255976.7,9.124128,47.442297,
21482.7,1010,558.6,2727116.9,1255977.6,9.123996,47.442308,135
21492.6,1019.9,558.5,2727107,1255978.6,9.123865,47.442318,
21502.7,1030,558.4,2727097,1255979.7,9.123733,47.44233,
21512.7,1040,558.3,2727087.1,1255980.9,9.123602,47.442343,
21522.7,1050,558.2,2727077.2,1255982.3,9.123471,47.442357,
21532.7,1060,558.2,2727067.3,1255983.8,9.12334,47.442373,
21542.7,1070,558.1,2727057.4,1255985.4,9.123209,47.442389,
21552.7,1080,558,2727047.6,1255987.2,9.12308,47.442407,
21562.7,1090,557.9,2727037.8,1255989.2,9.122951,47.442427,
21572.7,1100,557.8,2727028,1255991.3,9.122821,47.442448,
21582.7,1110,557.7,2727018.3,1255993.6,9.122693,47.44247,
21592.7,1120,557.5,2727008.6,1255996,9.122566,47.442494,
21602.7,1130,557.5,2726998.9,1255998.5,9.122438,47.442518,
21612.6,1139.9,557.4,2726989.3,1256001.2,9.122311,47.442544,
21622.6,1149.9,557.3,2726979.7,1256004,9.122185,47.442571,
21632.7,1160,557.3,2726970.1,1256007,9.122058,47.4426,
21642.6,1169.9,557.1,2726960.7,1256010.2,9.121935,47.442631,
21652.7,1180,557,2726951.2,1256013.5,9.12181,47.442662,
21662.7,1190,556.9,2726941.8,1256016.9,9.121686,47.442695,
21672.7,1200,557,2726932.5,1256020.5,9.121564,47.442729,
21682.7,1210,556.9,2726923.2,1256024.2,9.121442,47.442764,
21692.6,1219.9,556.8,2726914,1256028,9.121321,47.4428,
21702.7,1230,556.8,2726904.8,1256032,9.1212,47.442838,
21712.7,1240,556.8,2726895.7,1256036.2,9.121081,47.442877,
21722.6,1249.9,556.8,2726886.7,1256040.4,9.120962,47.442917,
21732.7,1260,556.6,2726877.7,1256044.9,9.120844,47.442959,
21742.6,1269.9,556.7,2726868.8,1256049.4,9.120728,47.443001,
21752.7,1280,556.7,2726859.9,1256054,9.120611,47.443044,
21762.7,1290,556.7,2726851.1,1256058.8,9.120496,47.443089,
21772.6,1299.9,556.5,2726842.4,1256063.6,9.120382,47.443134,
21782.7,1310,556.6,2726833.6,1256068.5,9.120267,47.44318,
21792.7,1320,556.6,2726824.9,1256073.4,9.120153,47.443225,
21802.6,1329.9,556.5,2726816.3,1256078.4,9.12004,47.443272,
21812.7,1340,556.5,2726807.6,1256083.4,9.119926,47.443319,
21822.7,1350,556.5,2726799,1256088.5,9.119814,47.443366,
21832.7,1360,556.5,2726790.3,1256093.5,9.1197,47.443413,
21842.6,1369.9,556.5,2726781.7,1256098.5,9.119587,47.443459,
21852.6,1379.9,556.5,2726773.1,1256103.6,9.119475,47.443507,
21862.7,1390,556.5,2726764.4,1256108.6,9.119361,47.443553,
21872.6,1399.9,556.5,2726755.8,1256113.6,9.119248,47.4436,
21882.7,1410,556.5,2726747.1,1256118.7,9.119134,47.443648,
21892.7,1420,556.5,2726738.5,1256123.7,9.119022,47.443694,
21902.7,1430,556.5,2726729.8,1256128.7,9.118908,47.443741,
21912.7,1440,556.4,2726721.2,1256133.8,9.118795,47.443788,
21922.6,1449.9,556.4,2726712.6,1256138.8,9.118683,47.443835,
21932.7,1460,556.3,2726703.9,1256143.8,9.118569,47.443882,
21942.7,1470,556.4,2726695.3,1256148.9,9.118456,47.443929,
21952.7,1480,556.3,2726686.6,1256153.9,9.118342,47.443976,
21962.7,1490,556.3,2726678,1256158.9,9.11823,47.444022,
21972.7,1500,556.3,2726669.4,1256164,9.118117,47.44407,
21982.7,1510,556.4,2726660.7,1256169,9.118003,47.444117,
21992.6,1519.9,556.3,2726652.1,1256174,9.117891,47.444163,
22002.7,1530,556.3,2726643.4,1256179.1,9.117777,47.444211,
22012.7,1540,556.2,2726634.8,1256184.1,9.117664,47.444257,
22022.7,1550,556.4,2726626.1,1256189.1,9.11755,47.444304,
22032.7,1560,556.4,2726617.5,1256194.2,9.117438,47.444351,
22042.6,1569.9,556.3,2726608.9,1256199.2,9.117325,47.444398,
22052.7,1580,556.2,2726600.2,1256204.2,9.117211,47.444445,
22062.7,1590,556.2,2726591.6,1256209.3,9.117099,47.444492,
22072.7,1600,556.2,2726582.9,1256214.3,9.116985,47.444539,
22082.7,1610,556.2,2726574.3,1256219.3,9.116872,47.444585,
22092.6,1619.9,556.2,2726565.7,1256224.3,9.11676,47.444632,
22102.7,1630,556.1,2726557,1256229.4,9.116646,47.44468,
22112.6,1639.9,556.1,2726548.4,1256234.4,9.116533,47.444726,
22122.7,1650,556.1,2726539.7,1256239.4,9.11642,47.444773,
22132.7,1660,556.1,2726531.1,1256244.5,9.116307,47.44482,
22142.7,1670,556.1,2726522.4,1256249.5,9.116193,47.444867,
22152.7,1680,556.1,2726513.8,1256254.5,9.11608,47.444914,
22162.7,1690,556.1,2726505.2,1256259.6,9.115968,47.444961,
22172.7,1700,556.1,2726496.5,1256264.6,9.115854,47.445008,
22182.6,1709.9,556,2726487.9,1256269.6,9.115741,47.445054,
22192.7,1720,556.1,2726479.2,1256274.7,9.115628,47.445102,
22202.7,1730,556,2726470.6,1256279.7,9.115515,47.445149,
22212.7,1740,556,2726462,1256284.8,9.115402,47.445196,
22222.7,1750,556,2726453.4,1256289.9,9.11529,47.445244,
22232.7,1760,556,2726444.8,1256295,9.115177,47.445291,
22242.6,1769.9,556,2726436.3,1256300.2,9.115066,47.445339,
22252.6,1779.9,556,2726427.8,1256305.5,9.114955,47.445389,
22262.7,1790,556,2726419.3,1256310.8,9.114844,47.445438,
22272.7,1800,556.1,2726410.9,1256316.3,9.114734,47.445489,
22282.7,1810,555.9,2726402.6,1256321.8,9.114626,47.44554,
22292.7,1820,555.9,2726394.3,1256327.4,9.114517,47.445592,
22302.7,1830,555.9,2726386.1,1256333.2,9.11441,47.445646,
22312.7,1840,556,2726378,1256339,9.114304,47.4457,
22322.7,1850,555.9,2726369.9,1256344.9,9.114199,47.445754,
22332.7,1860,555.9,2726361.9,1256350.9,9.114094,47.44581,
22342.7,1870,555.9,2726354,1256357,9.113991,47.445866,
22352.6,1879.9,555.9,2726346.2,1256363.2,9.11389,47.445923,
22362.7,1890,555.8,2726338.4,1256369.5,9.113788,47.445981,
22372.6,1899.9,555.8,2726330.7,1256375.8,9.113688,47.44604,
22382.7,1910,555.9,2726323,1256382.3,9.113588,47.446099,
22392.6,1919.9,555.8,2726315.5,1256388.8,9.11349,47.446159,
22402.7,1930,555.8,2726308,1256395.5,9.113393,47.446221,
22412.7,1940,555.8,2726300.6,1256402.2,9.113296,47.446283,
22422.7,1950,555.8,2726293.2,1256409,9.1132,47.446345,
22432.7,1960,555.8,2726286,1256415.9,9.113107,47.446409,
22442.7,1970,555.8,2726278.8,1256422.8,9.113013,47.446472,
22452.7,1980,555.7,2726271.7,1256429.9,9.112921,47.446537,
22462.7,1990,555.8,2726264.6,1256436.9,9.112829,47.446602,
22472.7,2000,555.8,2726257.6,1256444.1,9.112738,47.446668,
22482.7,2010,555.8,2726250.7,1256451.3,9.112649,47.446734,
22492.7,2020,555.8,2726243.7,1256458.5,9.112558,47.4468,
22502.7,2030,555.7,2726236.8,1256465.7,9.112469,47.446866,
22512.7,2040,555.6,2726229.9,1256472.9,9.112379,47.446932,
22522.6,2049.9,555.6,2726223,1256480.1,9.11229,47.446998,
22532.6,2059.9,555.7,2726216.1,1256487.3,9.1122,47.447064,
22542.7,2070,555.7,2726209.1,1256494.6,9.11211,47.447131,
22552.7,2080,555.7,2726202.2,1256501.8,9.11202,47.447197,
22562.7,2090,555.6,2726195.3,1256509,9.111931,47.447263,
22572.6,2099.9,555.6,2726188.4,1256516.2,9.111841,47.447329,
22582.7,2110,555.6,2726181.5,1256523.5,9.111752,47.447396,
22592.7,2120,555.5,2726174.6,1256530.7,9.111662,47.447462,
22602.6,2129.9,555.5,2726167.7,1256537.9,9.111573,47.447528,
22612.7,2140,555.5,2726160.7,1256545.1,9.111482,47.447595,
22622.7,2150,555.5,2726153.8,1256552.4,9.111393,47.447661,
22632.7,2160,555.5,2726146.9,1256559.6,9.111303,47.447728,
22642.7,2170,555.5,2726140,1256566.8,9.111214,47.447794,
22652.6,2179.9,555.5,2726133,1256573.9,9.111123,47.447859,
22662.7,2190,555.5,2726126,1256581.1,9.111032,47.447925,
22672.7,2200,555.5,2726118.9,1256588.2,9.11094,47.44799,
22682.7,2210,555.4,2726111.8,1256595.2,9.110848,47.448054,
22692.7,2220,555.4,2726104.7,1256602.2,9.110756,47.448119,
22702.6,2229.9,555.5,2726097.5,1256609.1,9.110663,47.448182,
22712.7,2240,555.3,2726090.2,1256616,9.110568,47.448246,
22722.7,2250,555.3,2726082.9,1256622.8,9.110473,47.448308,
22732.6,2259.9,555.3,2726075.5,1256629.5,9.110377,47.44837,
22742.7,2270,555.2,2726068,1256636.2,9.110279,47.448431,
22752.7,2280,555.2,2726060.5,1256642.8,9.110182,47.448492,
22762.7,2290,555.3,2726052.9,1256649.3,9.110083,47.448552,
22770.4,2297.7,555.2,2726047,1256654.2,9.110006,47.448597,
22780.4,10,555.2,2726039.3,1256660.6,9.109906,47.448656,
22790.4,20,555.2,2726031.6,1256667,9.109805,47.448715,
22800.4,30,555.2,2726023.8,1256673.2,9.109704,47.448773,
22810.4,40,555.1,2726015.9,1256679.4,9.109601,47.44883,
22820.4,50,555.1,2726008,1256685.5,9.109498,47.448886,
22830.5,60.1,555,2726000,1256691.6,9.109393,47.448943,
22840.4,70,555,2725992,1256697.5,9.109289,47.448997,
22850.4,80,554.9,2725983.9,1256703.4,9.109183,47.449052,
22860.5,90.1,554.9,2725975.8,1256709.3,9.109078,47.449106,
22870.4,100,554.8,2725967.7,1256715,9.108972,47.449159,
22880.5,110.1,554.8,2725959.4,1256720.8,9.108864,47.449213,
22890.4,120,554.7,2725951.2,1256726.4,9.108756,47.449265,
22900.4,130,554.7,2725943,1256732.1,9.108649,47.449318,
22910.4,140,554.6,2725934.7,1256737.7,9.108541,47.44937,
22920.4,150,554.6,2725926.4,1256743.3,9.108432,47.449422,
22930.4,160,554.7,2725918.1,1256748.9,9.108324,47.449474,
22940.5,170.1,554.5,2725909.8,1256754.5,9.108216,47.449526,
22950.4,180,554.5,2725901.6,1256760.1,9.108108,47.449577,
22960.4,190,554.4,2725893.3,1256765.7,9.108,47.449629,
22970.4,200,554.4,2725885,1256771.3,9.107891,47.449681,
22980.4,210,554.3,2725876.7,1256776.9,9.107783,47.449733,
22990.4,220,554.3,2725868.4,1256782.5,9.107675,47.449785,
23000.4,230,554.2,2725860.1,1256788.1,9.107566,47.449837,
23010.5,240.1,554.2,2725851.8,1256793.7,9.107458,47.449889,
23020.4,250,554.2,2725843.6,1256799.3,9.107351,47.449941,
23030.4,260,554.1,2725835.3,1256804.9,9.107242,47.449993,
23040.4,270,554.1,2725827,1256810.5,9.107134,47.450045,
23050.4,280,554,2725818.7,1256816.1,9.107025,47.450097,
23060.4,290,554.1,2725810.4,1256821.7,9.106917,47.450149,
23070.4,300,554,2725802.1,1256827.3,9.106808,47.450201,
23080.4,310,554,2725793.9,1256832.9,9.106701,47.450253,
23090.4,320,553.9,2725785.6,1256838.5,9.106593,47.450305,
23100.4,330,553.9,2725777.3,1256844.1,9.106484,47.450357,
23110.4,340,553.8,2725769,1256849.7,9.106376,47.450408,
23120.4,350,553.8,2725760.7,1256855.3,9.106267,47.45046,
23130.4,360,553.8,2725752.4,1256860.9,9.106159,47.450512,
23140.5,370.1,553.7,2725744.1,1256866.5,9.106051,47.450564,
23150.4,380,553.7,2725735.9,1256872.1,9.105943,47.450616,
23160.4,390,553.6,2725727.6,1256877.7,9.105835,47.450668,
23170.4,400,553.6,2725719.3,1256883.3,9.105726,47.45072,
23180.4,410,553.6,2725711,1256888.9,9.105618,47.450772,
23190.4,420,553.5,2725702.7,1256894.5,9.10551,47.450824,
23200.4,430,553.4,2725694.4,1256900.1,9.105401,47.450876,
23210.4,440,553.5,2725686.2,1256905.7,9.105294,47.450928,
23220.4,450,553.3,2725677.9,1256911.3,9.105186,47.45098,
23230.4,460,553.3,2725669.6,1256916.9,9.105077,47.451032,
23240.4,470,553.3,2725661.3,1256922.5,9.104969,47.451084,
23250.4,480,553.3,2725653,1256928.1,9.10486,47.451136,
23260.4,490,553.2,2725644.7,1256933.7,9.104752,47.451188,
23270.4,500,553.2,2725636.4,1256939.3,9.104643,47.45124,
23280.4,510,553.1,2725628.2,1256944.9,9.104536,47.451291,
23290.4,520,553.1,2725619.9,1256950.5,9.104428,47.451343,
23300.4,530,553,2725611.6,1256956.1,9.104319,47.451395,
23310.4,540,552.9,2725603.3,1256961.7,9.104211,47.451447,
23320.4,550,552.9,2725595,1256967.3,9.104102,47.451499,
23330.4,560,552.8,2725586.7,1256972.9,9.103994,47.451551,
23340.4,570,552.6,2725578.4,1256978.4,9.103885,47.451602,
23350.4,580,552.8,2725570,1256983.9,9.103776,47.451653,
23360.4,590,552.6,2725561.6,1256989.3,9.103666,47.451703,
23370.4,600,552.7,2725553.2,1256994.6,9.103556,47.451753,
23380.5,610.1,552.6,2725544.6,1256999.9,9.103443,47.451802,
23390.4,620,552.5,2725536.1,1257005,9.103332,47.451849,
23400.4,630,552.3,2725527.4,1257010,9.103218,47.451896,
23410.4,640,552.5,2725518.7,1257014.9,9.103104,47.451942,
23420.4,650,552.4,2725509.9,1257019.6,9.102989,47.451986,
23430.4,660,552.3,2725501,1257024.2,9.102872,47.452029,
23440.4,670,552.3,2725492,1257028.7,9.102754,47.452071,
23450.4,680,552.4,2725483,1257033,9.102636,47.452111,
23460.4,690,552.4,2725473.9,1257037.2,9.102517,47.452151,
23470.4,700,552.4,2725464.8,1257041.2,9.102397,47.452189,
23480.4,710,552.3,2725455.6,1257045.1,9.102276,47.452225,
23490.4,720,552.3,2725446.3,1257048.9,9.102154,47.452261,
23500.4,730,552.3,2725437,1257052.5,9.102032,47.452295,
23510.4,740,552.2,2725427.6,1257055.9,9.101908,47.452328,
23520.5,750.1,552.3,2725418.1,1257059.2,9.101783,47.452359,
23530.4,760,552.1,2725408.7,1257062.4,9.101659,47.45239,
23540.4,770,552.2,2725399.1,1257065.4,9.101533,47.452419,
23550.5,780.1,552.1,2725389.5,1257068.3,9.101406,47.452447,
23560.4,790,552.2,2725379.9,1257071,9.10128,47.452473,
23570.4,800,552.2,2725370.3,1257073.6,9.101153,47.452498,
23580.4,810,552,2725360.6,1257076,9.101026,47.452521,
23590.4,820,552,2725350.8,1257078.3,9.100896,47.452544,
23600.5,830.1,552,2725341,1257080.4,9.100767,47.452565,
23610.5,840.1,552,2725331.2,1257082.4,9.100638,47.452584,
23620.4,850,551.9,2725321.4,1257084.2,9.100508,47.452603,
23630.5,860.1,552.1,2725311.5,1257085.8,9.100377,47.452619,
23640.4,870,552.1,2725301.7,1257087.4,9.100248,47.452635,
23650.4,880,552,2725291.8,1257088.8,9.100117,47.45265,
23660.5,890.1,551.9,2725281.8,1257090,9.099985,47.452662,
23670.4,900,552,2725271.9,1257091.3,9.099854,47.452676,
23680.4,910,551.9,2725262,1257092.4,9.099723,47.452688,
23690.5,920.1,551.9,2725252,1257093.5,9.099591,47.452699,
23700.4,930,551.8,2725242.1,1257094.5,9.09946,47.45271,
23710.5,940.1,551.9,2725232.1,1257095.5,9.099327,47.452721,
23720.4,950,551.8,2725222.2,1257096.5,9.099196,47.452732,
23730.5,960.1,551.8,2725212.2,1257097.6,9.099064,47.452744,
23740.4,970,551.7,2725202.3,1257098.6,9.098933,47.452755,
23750.4,980,551.7,2725192.4,1257099.6,9.098802,47.452766,
23760.4,990,551.7,2725182.4,1257100.6,9.09867,47.452776,
23770.4,1000,551.7,2725172.5,1257101.6,9.098539,47.452787,
23780.4,1010,551.8,2725162.5,1257102.6,9.098407,47.452798,
23790.4,1020,551.7,2725152.6,1257103.6,9.098276,47.452809,
23800.4,1030,551.7,2725142.6,1257104.7,9.098144,47.452821,
23810.4,1040,551.6,2725132.7,1257105.7,9.098013,47.452832,
23820.4,1050,551.6,2725122.7,1257106.7,9.09788,47.452843,
23830.4,1060,551.6,2725112.8,1257107.7,9.097749,47.452854,
23840.4,1070,551.6,2725102.8,1257108.7,9.097617,47.452864,
23850.4,1080,551.5,2725092.9,1257109.7,9.097486,47.452875,
23860.4,1090,551.6,2725082.9,1257110.7,9.097354,47.452886,
23870.4,1100,551.5,2725073,1257111.8,9.097223,47.452898,
23880.5,1110.1,551.5,2725063,1257112.8,9.097091,47.452909,
23890.4,1120,551.5,2725053.1,1257113.8,9.09696,47.45292,
23900.5,1130.1,551.4,2725043.1,1257114.8,9.096827,47.452931,
23910.4,1140,551.4,2725033.2,1257115.8,9.096696,47.452942,
23920.5,1150.1,551.3,2725023.2,1257116.8,9.096564,47.452952,
23930.4,1160,551.3,2725013.3,1257117.8,9.096433,47.452963,
23940.5,1170.1,551.3,2725003.3,1257118.8,9.096301,47.452974,
23950.4,1180,551.3,2724993.4,1257119.8,9.09617,47.452985,
23960.4,1190,551.3,2724983.4,1257120.7,9.096037,47.452995,
23970.4,1200,551.3,2724973.5,1257121.6,9.095906,47.453005,
23980.4,1210,551.2,2724963.5,1257122.4,9.095774,47.453014,
23990.4,1220,551.2,2724953.5,1257123,9.095642,47.453021,
24000.5,1230.1,551.2,2724943.5,1257123.6,9.095509,47.453029,
24010.5,1240.1,551.1,2724933.5,1257124,9.095377,47.453034,
24020.5,1250.1,551.2,2724923.5,1257124.3,9.095244,47.453039,
24030.5,1260.1,551.2,2724913.5,1257124.4,9.095112,47.453042,
24040.5,1270.1,551.1,2724903.5,1257124.4,9.094979,47.453044,
24050.5,1280.1,550.9,2724893.5,1257124.1,9.094847,47.453043,
24060.4,1290,551.1,2724883.6,1257123.7,9.094715,47.453041,
24070.4,1300,551.1,2724873.6,1257123,9.094583,47.453037,
24080.4,1310,550.9,2724863.6,1257122.2,9.09445,47.453031,
24090.4,1320,551.1,2724853.7,1257121.2,9.094318,47.453024,
24100.4,1330,550.8,2724843.7,1257120.1,9.094185,47.453016,
24110.4,1340,551,2724833.8,1257118.7,9.094054,47.453005,
24120.5,1350.1,551,2724823.9,1257117.1,9.093922,47.452993,
24130.4,1360,551,2724814.1,1257115.4,9.093792,47.45298,
24140.4,1370,550.9,2724804.3,1257113.5,9.093661,47.452964,
24150.4,1380,550.9,2724794.5,1257111.4,9.093531,47.452947,
24160.4,1390,550.9,2724784.8,1257109.1,9.093401,47.452928,
24170.4,1400,550.8,2724775.1,1257106.6,9.093272,47.452908,
24180.5,1410.1,550.6,2724765.4,1257104,9.093143,47.452886,
24190.5,1420.1,550.9,2724755.8,1257101.2,9.093015,47.452863,
24200.4,1430,550.7,2724746.3,1257098.2,9.092888,47.452838,
24210.4,1440,550.8,2724736.8,1257095,9.092761,47.452811,
24220.4,1450,550.7,2724727.4,1257091.7,9.092636,47.452783,
24230.5,1460.1,550.7,2724718,1257088.1,9.09251,47.452752,
24240.4,1470,550.7,2724708.7,1257084.5,9.092386,47.452722,
24250.4,1480,550.6,2724699.5,1257080.7,9.092263,47.452689,
24260.5,1490.1,550.6,2724690.2,1257076.8,9.092138,47.452656,
24270.4,1500,550.5,2724681.1,1257072.8,9.092016,47.452622,
24280.4,1510,550.4,2724671.9,1257068.8,9.091893,47.452587,
24290.4,1520,550.4,2724662.8,1257064.7,9.091772,47.452552,
24300.5,1530.1,550.3,2724653.7,1257060.5,9.09165,47.452516,
24310.5,1540.1,550.3,2724644.6,1257056.3,9.091528,47.45248,
24320.4,1550,550.1,2724635.6,1257052.1,9.091407,47.452444,
24330.4,1560,550,2724626.5,1257047.9,9.091286,47.452408,
24340.5,1570.1,549.9,2724617.4,1257043.7,9.091164,47.452372,
24350.4,1580,549.9,2724608.4,1257039.5,9.091043,47.452336,
24360.4,1590,549.8,2724599.3,1257035.3,9.090922,47.4523,
24370.5,1600.1,549.8,2724590.2,1257031,9.0908,47.452263,
24380.4,1610,549.7,2724581.2,1257026.8,9.090679,47.452227,
24390.4,1620,549.6,2724572.1,1257022.6,9.090557,47.452191,
24400.4,1630,549.5,2724563,1257018.4,9.090436,47.452155,
24410.4,1640,549.5,2724554,1257014.2,9.090315,47.452119,
24420.4,1650,549.3,2724544.9,1257010,9.090193,47.452083,
24430.4,1660,549.2,2724535.8,1257005.8,9.090072,47.452047,
24440.4,1670,549.2,2724526.7,1257001.6,9.08995,47.452011,
24450.4,1680,549.1,2724517.7,1256997.3,9.089829,47.451974,
24460.4,1690,549,2724508.6,1256993.1,9.089707,47.451938,
24470.5,1700.1,549,2724499.5,1256988.9,9.089586,47.451902,
24480.4,1710,548.9,2724490.5,1256984.7,9.089465,47.451866,
24490.4,1720,548.9,2724481.4,1256980.5,9.089343,47.45183,
24500.4,1730,548.8,2724472.3,1256976.3,9.089221,47.451794,
24510.4,1740,548.6,2724463.3,1256972.1,9.089101,47.451757,
24520.4,1750,548.5,2724454.2,1256967.9,9.088979,47.451721,
24530.5,1760.1,548.4,2724445.1,1256963.6,9.088857,47.451684,
24540.4,1770,548.3,2724436.1,1256959.4,9.088737,47.451648,
24550.4,1780,548.3,2724427,1256955.2,9.088615,47.451612,
24560.4,1790,548.3,2724417.9,1256951,9.088493,47.451576,
24570.5,1800.1,548.2,2724408.8,1256946.8,9.088371,47.45154,
24580.4,1810,548.1,2724399.8,1256942.6,9.088251,47.451504,
24590.4,1820,548.1,2724390.7,1256938.4,9.088129,47.451468,
24600.4,1830,547.9,2724381.6,1256934.2,9.088007,47.451432,
24610.4,1840,547.8,2724372.6,1256929.9,9.087887,47.451395,
24620.4,1850,547.7,2724363.5,1256925.7,9.087765,47.451359,
24630.5,1860.1,547.7,2724354.4,1256921.5,9.087643,47.451323,
24640.4,1870,547.6,2724345.4,1256917.3,9.087523,47.451287,
24650.4,1880,547.5,2724336.3,1256913.1,9.087401,47.451251,
24660.4,1890,547.5,2724327.2,1256908.9,9.087279,47.451215,
24670.5,1900.1,547.4,2724318.1,1256904.7,9.087157,47.451179,
24680.4,1910,547.3,2724309.1,1256900.5,9.087037,47.451143,
24690.5,1920.1,547.2,2724300,1256896.2,9.086915,47.451106,
24700.5,1930.1,547.1,2724290.9,1256892,9.086793,47.45107,
24710.4,1940,547,2724281.9,1256887.8,9.086673,47.451034,
24720.4,1950,547,2724272.8,1256883.6,9.086551,47.450998,
24730.5,1960.1,546.9,2724263.7,1256879.4,9.086429,47.450962,
24740.4,1970,546.8,2724254.7,1256875.2,9.086309,47.450926,
24750.4,1980,546.8,2724245.6,1256871,9.086187,47.45089,
24760.4,1990,546.7,2724236.5,1256866.8,9.086065,47.450853,
24770.5,2000.1,546.6,2724227.4,1256862.6,9.085943,47.450817,
24780.4,2010,546.6,2724218.3,1256858.5,9.085821,47.450782,
24790.5,2020.1,546.5,2724209.1,1256854.5,9.085698,47.450748,
24800.4,2030,546.4,2724200,1256850.5,9.085577,47.450714,
24810.5,2040.1,546.4,2724190.7,1256846.7,9.085452,47.450681,
24820.4,2050,546.3,2724181.5,1256843,9.085329,47.45065,
24830.4,2060,546,2724172.1,1256839.4,9.085204,47.450619,
24840.5,2070.1,545.9,2724162.7,1256835.9,9.085078,47.45059,
24850.4,2080,546,2724153.3,1256832.6,9.084953,47.450562,
24860.4,2090,545.8,2724143.8,1256829.5,9.084826,47.450536,
24870.4,2100,545.8,2724134.2,1256826.6,9.084698,47.450511,
24880.4,2110,545.6,2724124.6,1256823.8,9.08457,47.450488,
24890.4,2120,545.6,2724115,1256821.2,9.084442,47.450466,
24900.4,2130,545.6,2724105.3,1256818.7,9.084312,47.450446,
24910.5,2140.1,545.5,2724095.5,1256816.4,9.084182,47.450427,
24920.4,2150,545.4,2724085.8,1256814.3,9.084053,47.45041,
24930.4,2160,545.4,2724076,1256812.4,9.083922,47.450395,
24940.4,2170,545.3,2724066.1,1256810.6,9.08379,47.45038,
24950.4,2180,545.2,2724056.3,1256808.9,9.08366,47.450367,
24960.4,2190,545,2724046.4,1256807.4,9.083528,47.450355,
24970.4,2200,545,2724036.5,1256806,9.083397,47.450344,
24980.4,2210,545,2724026.6,1256804.8,9.083265,47.450336,
24990.5,2220.1,544.7,2724016.6,1256803.5,9.083132,47.450326,
25000.4,2230,544.7,2724006.7,1256802.4,9.083001,47.450318,
25010.4,2240,544.6,2723996.8,1256801.3,9.082869,47.45031,
25020.4,2250,544.5,2723986.8,1256800.2,9.082736,47.450302,
25030.4,2260,544.4,2723976.9,1256799.1,9.082605,47.450294,
25040.5,2270.1,544.3,2723966.9,1256798,9.082472,47.450286,
25050.4,2280,544.3,2723957,1256797,9.08234,47.450279,
25060.4,2290,544.2,2723947.1,1256795.9,9.082209,47.450271,
25070.4,2300,544.1,2723937.1,1256794.8,9.082076,47.450263,
25080.4,2310,543.9,2723927.2,1256793.7,9.081944,47.450254,
25090.5,2320.1,544,2723917.2,1256792.6,9.081812,47.450246,
25100.4,2330,543.8,2723907.3,1256791.6,9.08168,47.450239,
25110.5,2340.1,543.8,2723897.3,1256790.5,9.081547,47.450231,
25120.4,2350,543.7,2723887.4,1256789.4,9.081416,47.450223,
25130.4,2360,543.5,2723877.5,1256788.2,9.081284,47.450214,
25140.5,2370.1,543.6,2723867.5,1256787,9.081151,47.450205,
25150.5,2380.1,543.4,2723857.6,1256785.7,9.08102,47.450196,
25160.5,2390.1,543.2,2723847.7,1256784.3,9.080888,47.450185,
25170.5,2400.1,543.3,2723837.8,1256782.8,9.080756,47.450173,
25180.4,2410,543.3,2723828,1256781.1,9.080626,47.45016,
25190.5,2420.1,543.2,2723818.1,1256779.3,9.080494,47.450146,
25200.5,2430.1,543.2,2723808.3,1256777.4,9.080364,47.45013,
25210.4,2440,543.1,2723798.6,1256775.2,9.080235,47.450112,
25220.5,2450.1,543,2723788.8,1256772.9,9.080104,47.450094,
25230.5,2460.1,542.9,2723779.1,1256770.5,9.079975,47.450074,
25240.4,2470,542.8,2723769.5,1256767.8,9.079847,47.450051,
25250.4,2480,542.7,2723759.9,1256765,9.079719,47.450028,
25260.5,2490.1,542.5,2723750.3,1256762.1,9.079591,47.450004,
25270.5,2500.1,542.6,2723740.8,1256759,9.079464,47.449978,
25280.4,2510,542.5,2723731.4,1256755.7,9.079338,47.44995,
25290.5,2520.1,542.4,2723722,1256752.2,9.079213,47.44992,
25300.4,2530,542.4,2723712.7,1256748.6,9.079088,47.449889,
25310.4,2540,542.3,2723703.4,1256744.9,9.078964,47.449858,
25320.5,2550.1,542.3,2723694.2,1256740.9,9.078841,47.449824,
25330.4,2560,542.1,2723685.1,1256736.9,9.078719,47.449789,
25340.5,2570.1,542.1,2723676,1256732.6,9.078597,47.449752,
25350.4,2580,541.8,2723667.1,1256728.2,9.078478,47.449714,
25360.5,2590.1,541.9,2723658.1,1256723.7,9.078358,47.449676,
25370.4,2600,541.9,2723649.3,1256719,9.07824,47.449635,
25380.4,2610,541.6,2723640.6,1256714.1,9.078123,47.449593,
25390.5,2620.1,541.6,2723631.9,1256709.1,9.078006,47.449549,
25400.5,2630.1,541.3,2723623.3,1256704,9.077891,47.449505,
25410.5,2640.1,541.6,2723614.8,1256698.7,9.077777,47.449459,
25420.5,2650.1,541.4,2723606.4,1256693.3,9.077664,47.449412,
25430.5,2660.1,541.2,2723598.1,1256687.7,9.077552,47.449363,
25440.5,2670.1,541.1,2723589.9,1256682,9.077442,47.449314,
25450.4,2680,541,2723581.7,1256676.3,9.077332,47.449264,
25460.5,2690.1,541,2723573.6,1256670.4,9.077223,47.449212,
25470.4,2700,541,2723565.6,1256664.5,9.077115,47.449161,
25480.4,2710,540.9,2723557.6,1256658.5,9.077007,47.449108,
25490.5,2720.1,540.9,2723549.6,1256652.4,9.0769,47.449055,
25500.5,2730.1,540.9,2723541.6,1256646.4,9.076792,47.449002,
25510.4,2740,540.9,2723533.7,1256640.3,9.076686,47.448949,
25520.4,2750,540.8,2723525.7,1256634.3,9.076578,47.448897,
25530.4,2760,540.8,2723517.8,1256628.2,9.076471,47.448843,
25540.4,2770,540.8,2723509.9,1256622.1,9.076365,47.44879,
25550.4,2780,540.8,2723501.9,1256616.1,9.076257,47.448737,
25560.4,2790,540.8,2723494,1256610,9.076151,47.448684,
25570.4,2800,540.7,2723486,1256603.9,9.076043,47.448631,
25580.4,2810,540.7,2723478.1,1256597.9,9.075937,47.448578,
25590.4,2820,540.7,2723470.1,1256591.8,9.075829,47.448525,
25600.4,2830,540.7,2723462.2,1256585.7,9.075723,47.448472,
25610.5,2840.1,540.7,2723454.2,1256579.6,9.075615,47.448418,
25620.4,2850,540.6,2723446.3,1256573.6,9.075509,47.448366,
25630.5,2860.1,540.6,2723438.3,1256567.5,9.075401,47.448312,
25640.5,2870.1,540.6,2723430.3,1256561.5,9.075293,47.44826,
25650.4,2880,540.5,2723422.4,1256555.4,9.075187,47.448207,
25660.4,2890,540.5,2723414.4,1256549.4,9.075079,47.448154,
25670.4,2900,540.4,2723406.5,1256543.3,9.074973,47.448101,
25680.4,2910,540.4,2723398.5,1256537.3,9.074865,47.448048,
25690.5,2920.1,540.4,2723390.5,1256531.2,9.074757,47.447995,
25700.5,2930.1,540.4,2723382.5,1256525.2,9.074649,47.447943,
25710.4,2940,540.4,2723374.6,1256519.2,9.074543,47.44789,
25720.4,2950,540.4,2723366.6,1256513.2,9.074435,47.447838,
25730.5,2960.1,540.4,2723358.6,1256507.1,9.074328,47.447784,
25740.5,2970.1,540.3,2723350.6,1256501.1,9.07422,47.447732,
25750.5,2980.1,540.3,2723342.6,1256495.1,9.074112,47.447679,
25760.5,2990.1,540.3,2723334.6,1256489.1,9.074004,47.447627,
25770.5,3000.1,540.3,2723326.6,1256483.1,9.073897,47.447574,125
25780.4,3010,540.3,2723318.6,1256477.2,9.073789,47.447523,
25790.4,3020,540.2,2723310.6,1256471.2,9.073681,47.44747,
25800.5,3030.1,540.2,2723302.5,1256465.2,9.073572,47.447418,
25810.4,3040,540.2,2723294.5,1256459.3,9.073465,47.447366,
25820.4,3050,540.2,2723286.5,1256453.3,9.073357,47.447314,
25830.4,3060,540.2,2723278.5,1256447.3,9.073249,47.447262,
25840.4,3070,540.1,2723270.4,1256441.4,9.07314,47.44721,
25850.4,3080,540.2,2723262.4,1256435.4,9.073033,47.447158,
25860.4,3090,540.1,2723254.4,1256429.4,9.072925,47.447105,
25870.4,3100,540.1,2723246.4,1256423.4,9.072817,47.447053,
25880.5,3110.1,540.1,2723238.3,1256417.5,9.072708,47.447001,
25890.5,3120.1,540.1,2723230.3,1256411.5,9.0726,47.446949,
25900.5,3130.1,540.1,2723222.3,1256405.5,9.072493,47.446896,
25910.4,3140,540,2723214.3,1256399.6,9.072385,47.446845,
25920.4,3150,540,2723206.3,1256393.6,9.072277,47.446792,
25930.5,3160.1,540,2723198.2,1256387.6,9.072168,47.44674,
25940.4,3170,540,2723190.2,1256381.7,9.072061,47.446688,
25950.4,3180,539.9,2723182.2,1256375.7,9.071953,47.446636,
25960.4,3190,540,2723174.2,1256369.7,9.071845,47.446583,
25970.4,3200,540,2723166.1,1256363.8,9.071736,47.446532,
25980.4,3210,539.9,2723158.1,1256357.8,9.071629,47.446479,
25990.4,3220,540,2723150.1,1256351.8,9.071521,47.446427,
26000.4,3230,540,2723142.1,1256345.8,9.071413,47.446374,
26010.5,3240.1,539.9,2723134,1256339.9,9.071304,47.446323,
26020.5,3250.1,539.9,2723126,1256333.9,9.071196,47.44627,
26030.4,3260,540,2723118,1256328,9.071089,47.446219,
26040.5,3270.1,539.9,2723109.9,1256322,9.07098,47.446166,
26050.4,3280,540,2723101.8,1256316.2,9.070871,47.446116,
26060.4,3290,540,2723093.7,1256310.4,9.070762,47.446065,
26070.5,3300.1,540,2723085.4,1256304.7,9.07065,47.446015,
26080.5,3310.1,539.9,2723077.1,1256299.1,9.070539,47.445967,
26090.5,3320.1,539.9,2723068.7,1256293.7,9.070426,47.44592,
26100.4,3330,540,2723060.3,1256288.4,9.070313,47.445874,
26110.4,3340,540,2723051.7,1256283.3,9.070198,47.445829,
26120.4,3350,540.3,2723043,1256278.3,9.070081,47.445786,
26130.4,3360,539.9,2723034.2,1256273.6,9.069963,47.445745,
26140.4,3370,540.2,2723025.3,1256269,9.069844,47.445706,
26150.5,3380.1,540.2,2723016.3,1256264.6,9.069723,47.445668,
26160.5,3390.1,540.3,2723007.2,1256260.4,9.069601,47.445632,
26170.4,3400,540.2,2722998.1,1256256.4,9.06948,47.445597,
26180.5,3410.1,540.3,2722988.8,1256252.6,9.069355,47.445565,
26190.4,3420,540.3,2722979.5,1256249,9.069231,47.445534,
26200.4,3430,540.3,2722970.1,1256245.6,9.069106,47.445506,
26210.5,3440.1,540.3,2722960.6,1256242.4,9.068979,47.445479,
26220.4,3450,540.3,2722951.1,1256239.3,9.068852,47.445452,
26230.4,3460,540.3,2722941.5,1256236.5,9.068724,47.445429,
26240.4,3470,539.8,2722931.9,1256233.9,9.068596,47.445407,
26250.4,3480,539.9,2722922.2,1256231.5,9.068467,47.445388,
26257.5,3487.1,539.9,2722915.3,1256229.9,9.068375,47.445375,
26267.5,10,539.9,2722905.5,1256227.8,9.068244,47.445358,
26277.5,20,539.8,2722895.7,1256225.9,9.068114,47.445342,
26287.4,29.9,540.2,2722885.9,1256224.3,9.067984,47.44533,
26297.4,39.9,539.9,2722876,1256222.8,9.067852,47.445318,
26307.5,50,539.8,2722866,1256221.6,9.067719,47.445309,
26317.5,60,540.3,2722856.1,1256220.5,9.067588,47.445301,
26327.5,70,539.9,2722846.1,1256219.7,9.067455,47.445296,
26337.4,79.9,540.1,2722836.2,1256219.1,9.067323,47.445292,
26347.4,89.9,540.3,2722826.2,1256218.7,9.067191,47.445291,
26357.4,99.9,540.3,2722816.2,1256218.4,9.067058,47.44529,
26367.4,109.9,540.3,2722806.2,1256218.4,9.066926,47.445292,
26377.4,119.9,540.3,2722796.2,1256218.7,9.066793,47.445296,
26387.5,130,540.1,2722786.2,1256219.1,9.066661,47.445302,
26397.5,140,539.9,2722776.2,1256219.7,9.066528,47.445309,
26407.5,150,540.3,2722766.2,1256220.5,9.066396,47.445318,
26417.5,160,539.9,2722756.3,1256221.6,9.066265,47.44533,
26427.4,169.9,540.3,2722746.4,1256222.8,9.066134,47.445342,
26437.5,180,539.6,2722736.5,1256224.3,9.066003,47.445358,
26447.5,190,539.6,2722726.6,1256226,9.065873,47.445375,
26457.5,200,540,2722716.8,1256227.8,9.065743,47.445393,
26467.5,210,540,2722707,1256229.9,9.065614,47.445413,
26477.5,220,539.9,2722697.3,1256232.2,9.065486,47.445436,
26487.5,230,539.9,2722687.6,1256234.7,9.065358,47.44546,
26497.4,239.9,539.9,2722678,1256237.4,9.065231,47.445486,
26507.4,249.9,539.8,2722668.4,1256240.2,9.065105,47.445513,
26517.5,260,540.1,2722658.8,1256243.2,9.064979,47.445542,
26527.5,270,540.1,2722649.3,1256246.4,9.064854,47.445573,
26537.5,280,540.1,2722639.9,1256249.6,9.06473,47.445603,
26547.4,289.9,540.1,2722630.5,1256253,9.064606,47.445635,
26557.4,299.9,540.1,2722621.1,1256256.4,9.064482,47.445668,
26567.5,310,540.1,2722611.7,1256259.9,9.064359,47.445701,
26577.5,320,540.1,2722602.3,1256263.4,9.064235,47.445734,
26587.4,329.9,540.1,2722593,1256266.9,9.064113,47.445767,
26597.5,340,540.1,2722583.6,1256270.4,9.063989,47.445801,
26607.5,350,540.1,2722574.2,1256273.9,9.063866,47.445834,
26617.4,359.9,540.1,2722564.9,1256277.4,9.063743,47.445867,
26627.5,370,540.1,2722555.5,1256280.9,9.06362,47.4459,
26637.5,380,540.1,2722546.1,1256284.4,9.063496,47.445934,
26647.4,389.9,540.1,2722536.8,1256287.9,9.063374,47.445967,
26657.5,400,540.1,2722527.4,1256291.4,9.06325,47.446,
26667.5,410,540.1,2722518,1256294.9,9.063126,47.446033,
26677.4,419.9,540.1,2722508.7,1256298.4,9.063004,47.446066,
26687.5,430,540.1,2722499.3,1256301.9,9.06288,47.4461,
26697.5,440,540.1,2722489.9,1256305.4,9.062757,47.446133,
26707.4,449.9,540.1,2722480.6,1256308.9,9.062634,47.446166,
26717.5,460,540.1,2722471.2,1256312.4,9.062511,47.446199,
26727.5,470,540.1,2722461.8,1256316,9.062387,47.446233,
26737.5,480,540.3,2722452.5,1256319.5,9.062265,47.446267,
26747.5,490,540.4,2722443.1,1256323,9.062141,47.4463,
26757.5,500,540.5,2722433.7,1256326.5,9.062018,47.446333,
26767.5,510,540.5,2722424.4,1256330,9.061895,47.446366,
26777.5,520,540.6,2722415,1256333.5,9.061772,47.446399,
26787.5,530,540.8,2722405.6,1256337,9.061648,47.446433,
26797.5,540,540.8,2722396.3,1256340.5,9.061526,47.446466,
26807.5,550,540.9,2722386.9,1256344,9.061402,47.446499,
26817.5,560,541,2722377.5,1256347.5,9.061278,47.446532,
26827.5,570,541.1,2722368.2,1256351,9.061156,47.446566,
26837.5,580,541.2,2722358.8,1256354.5,9.061032,47.446599,
26847.4,589.9,541.3,2722349.5,1256358,9.06091,47.446632,
26857.5,600,541.3,2722340.1,1256361.5,9.060786,47.446665,
26867.5,610,541.4,2722330.7,1256365,9.060663,47.446698,
26877.4,619.9,541.6,2722321.4,1256368.5,9.060541,47.446732,
26887.5,630,541.7,2722312,1256372,9.060417,47.446765,
26897.5,640,541.8,2722302.6,1256375.5,9.060293,47.446798,
26907.4,649.9,541.9,2722293.3,1256379,9.060171,47.446831,
26917.5,660,542,2722283.9,1256382.5,9.060047,47.446864,
26927.5,670,542.1,2722274.5,1256386,9.059924,47.446898,
26937.5,680,542.2,2722265.2,1256389.6,9.059801,47.446932,
26947.5,690,542.4,2722255.8,1256393.1,9.059678,47.446965,
26957.5,700,542.4,2722246.4,1256396.6,9.059554,47.446998,
26967.5,710,542.5,2722237.1,1256400.1,9.059432,47.447031,
26977.5,720,542.6,2722227.7,1256403.6,9.059308,47.447065,
26987.5,730,542.8,2722218.3,1256407.1,9.059184,47.447098,
26997.5,740,542.9,2722209,1256410.6,9.059062,47.447131,
27007.5,750,542.9,2722199.6,1256414.1,9.058938,47.447164,
27017.5,760,543,2722190.2,1256417.6,9.058815,47.447197,
27027.4,769.9,543.1,2722180.9,1256421.1,9.058693,47.447231,
27037.5,780,543.3,2722171.5,1256424.6,9.058569,47.447264,
27047.5,790,543.3,2722162.1,1256428.1,9.058445,47.447297,
27057.4,799.9,543.4,2722152.8,1256431.6,9.058323,47.44733,
27067.5,810,543.5,2722143.4,1256435.1,9.058199,47.447364,
27077.5,820,543.5,2722134,1256438.6,9.058076,47.447397,
27087.5,830,543.6,2722124.6,1256442,9.057952,47.447429,
27097.5,840,543.8,2722115.2,1256445.3,9.057828,47.44746,
27107.4,849.9,543.9,2722105.8,1256448.6,9.057705,47.447492,
27117.5,860,544,2722096.3,1256451.8,9.057579,47.447522,
27127.5,870,544.1,2722086.7,1256454.8,9.057453,47.447551,
27137.4,879.9,544.2,2722077.2,1256457.7,9.057328,47.447579,
27147.5,890,544.2,2722067.5,1256460.4,9.0572,47.447605,
27157.4,899.9,544.5,2722057.9,1256462.9,9.057073,47.447629,
27167.5,910,544.6,2722048.1,1256465.2,9.056944,47.447652,
27177.4,919.9,544.7,2722038.4,1256467.3,9.056816,47.447673,
27187.5,930,544.8,2722028.5,1256469.3,9.056685,47.447692,
27197.5,940,544.8,2722018.7,1256471,9.056556,47.447709,
27207.5,950,544.8,2722008.8,1256472.5,9.056425,47.447725,
27217.5,960,545.1,2721998.9,1256473.8,9.056294,47.447738,
27227.4,969.9,545.2,2721989,1256474.9,9.056163,47.44775,
27237.5,980,545.3,2721979,1256475.8,9.056031,47.44776,
27247.5,990,545.2,2721969,1256476.6,9.055899,47.447769,
27257.5,1000,545.5,2721959,1256477.1,9.055766,47.447775,
27267.5,1010,545.6,2721949,1256477.4,9.055634,47.44778,
27277.5,1020,545.7,2721939,1256477.4,9.055501,47.447782,
27287.5,1030,545.8,2721929,1256477.3,9.055369,47.447783,
27297.5,1040,545.9,2721919,1256477,9.055236,47.447782,
27307.4,1049.9,545.9,2721909.1,1256476.5,9.055105,47.447779,
27317.5,1060,546.1,2721899.1,1256475.8,9.054972,47.447775,
27327.5,1070,546.3,2721889.1,1256474.9,9.054839,47.447769,
27337.5,1080,546.4,2721879.2,1256473.7,9.054708,47.44776,
27347.5,1090,546.3,2721869.3,1256472.4,9.054576,47.44775,
27357.5,1100,546.4,2721859.4,1256470.9,9.054444,47.447738,
27367.4,1109.9,546.6,2721849.6,1256469.1,9.054314,47.447724,
27377.5,1120,546.7,2721839.7,1256467.2,9.054182,47.447708,
27387.4,1129.9,546.8,2721830,1256465.1,9.054053,47.447691,
27397.5,1140,546.8,2721820.2,1256462.7,9.053922,47.447672,
27407.5,1150,546.8,2721810.6,1256460.2,9.053795,47.447651,
27417.5,1160,547,2721800.9,1256457.5,9.053665,47.447628,
27427.5,1170,547,2721791.4,1256454.6,9.053538,47.447604,
27437.5,1180,547.3,2721781.8,1256451.6,9.05341,47.447579,
27447.4,1189.9,547.3,2721772.4,1256448.4,9.053285,47.447552,
27457.5,1200,547.4,2721762.9,1256445.2,9.053158,47.447525,
27467.5,1210,547.5,2721753.5,1256441.8,9.053033,47.447496,
27477.5,1220,547.6,2721744.1,1256438.4,9.052907,47.447467,
27487.5,1230,547.7,2721734.7,1256435,9.052782,47.447438,
27497.4,1239.9,547.7,2721725.3,1256431.6,9.052656,47.44741,
27507.5,1250,547.8,2721715.9,1256428.1,9.05253,47.44738,
27517.5,1260,548,2721706.5,1256424.6,9.052405,47.44735,
27527.5,1270,548.1,2721697.1,1256421.2,9.052279,47.447321,
27537.4,1279.9,548.1,2721687.8,1256417.7,9.052155,47.447292,
27547.4,1289.9,548.3,2721678.4,1256414.3,9.05203,47.447263,
27557.5,1300,548.4,2721669,1256410.8,9.051904,47.447233,
27567.5,1310,548.4,2721659.6,1256407.4,9.051778,47.447204,
27577.5,1320,548.5,2721650.2,1256403.9,9.051653,47.447174,
27587.5,1330,548.7,2721640.8,1256400.5,9.051527,47.447146,
27597.5,1340,548.8,2721631.4,1256397.1,9.051402,47.447117,
27607.4,1349.9,548.7,2721622,1256393.8,9.051276,47.447089,
27617.5,1360,549,2721612.5,1256390.5,9.05115,47.447061,
27627.5,1370,548.9,2721603,1256387.4,9.051023,47.447035,
27637.5,1380,549.1,2721593.5,1256384.4,9.050896,47.44701,
27647.5,1390,549,2721583.9,1256381.5,9.050768,47.446985,
27657.4,1399.9,549.2,2721574.3,1256378.9,9.05064,47.446964,
27667.5,1410,549.3,2721564.6,1256376.4,9.050511,47.446943,
27677.5,1420,549.3,2721554.8,1256374.2,9.05038,47.446925,
27687.5,1430,549.5,2721545,1256372.2,9.05025,47.446909,
27697.5,1440,549.6,2721535.2,1256370.4,9.050119,47.446894,
27707.5,1450,549.8,2721525.3,1256368.8,9.049988,47.446882,
27717.5,1460,549.7,2721515.4,1256367.4,9.049856,47.446871,
27727.5,1470,550,2721505.5,1256366.2,9.049725,47.446862,
27737.5,1480,550.1,2721495.5,1256365.2,9.049592,47.446855,
27747.4,1489.9,550.3,2721485.6,1256364.5,9.04946,47.44685,
27757.4,1499.9,550.4,2721475.6,1256364,9.049328,47.446848,
27767.5,1510,550.3,2721465.6,1256363.7,9.049195,47.446847,
27777.5,1520,550.4,2721455.6,1256363.6,9.049062,47.446848,
27787.5,1530,550.5,2721445.6,1256363.7,9.04893,47.446851,
27797.5,1540,550.8,2721435.6,1256364.1,9.048797,47.446856,
27807.5,1550,551,2721425.6,1256364.6,9.048665,47.446862,
27817.5,1560,550.9,2721415.6,1256365.4,9.048533,47.446872,
27827.5,1570,551.2,2721405.7,1256366.4,9.048402,47.446882,
27837.4,1579.9,551.1,2721395.8,1256367.6,9.048271,47.446895,
27847.4,1589.9,551.3,2721385.9,1256369.1,9.04814,47.44691,
27857.5,1600,551.6,2721376,1256370.7,9.048009,47.446926,
27867.5,1610,551.7,2721366.2,1256372.6,9.04788,47.446945,
27877.5,1620,551.8,2721356.4,1256374.7,9.04775,47.446966,
27887.4,1629.9,551.9,2721346.7,1256377,9.047622,47.446989,
27897.5,1640,551.8,2721337,1256379.5,9.047495,47.447013,
27907.4,1649.9,552.1,2721327.4,1256382.2,9.047368,47.447039,
27917.5,1660,552.1,2721317.8,1256385.1,9.047242,47.447067,
27927.5,1670,552.2,2721308.3,1256388.2,9.047117,47.447096,
27937.4,1679.9,552.2,2721298.9,1256391.5,9.046993,47.447128,
27947.5,1690,552.4,2721289.5,1256395.1,9.046869,47.447162,
27957.5,1700,552.7,2721280.2,1256398.8,9.046747,47.447197,
27967.5,1710,552.9,2721271,1256402.8,9.046626,47.447234,
27977.5,1720,552.7,2721261.9,1256406.9,9.046507,47.447273,
27987.5,1730,552.8,2721252.9,1256411.2,9.046388,47.447313,
27997.5,1740,552.9,2721244,1256415.8,9.046272,47.447356,
28007.5,1750,553.3,2721235.2,1256420.5,9.046156,47.4474,
28017.5,1760,553.2,2721226.5,1256425.4,9.046042,47.447446,
28027.5,1770,553.2,2721217.9,1256430.5,9.04593,47.447493,
28037.5,1780,553.2,2721209.4,1256435.8,9.045818,47.447543,
28047.5,1790,553.3,2721201,1256441.2,9.045709,47.447593,
28057.4,1799.9,553.6,2721192.8,1256446.9,9.045601,47.447645,
28067.4,1809.9,553.6,2721184.7,1256452.7,9.045496,47.447699,
28077.4,1819.9,553.8,2721176.7,1256458.7,9.045391,47.447755,
28087.5,1830,553.8,2721168.8,1256464.9,9.045288,47.447812,
28097.5,1840,553.7,2721161.1,1256471.3,9.045188,47.447871,
28107.5,1850,553.8,2721153.5,1256477.8,9.045089,47.447931,
28117.5,1860,554.1,2721146,1256484.5,9.044991,47.447992,
28127.5,1870,554.2,2721138.7,1256491.3,9.044896,47.448055,
28137.5,1880,554.3,2721131.6,1256498.3,9.044804,47.448119,
28147.4,1889.9,554.4,2721124.6,1256505.4,9.044713,47.448184,
28157.4,1899.9,554.3,2721117.8,1256512.7,9.044625,47.448251,
28167.5,1910,554.7,2721111.1,1256520.2,9.044538,47.44832,
28177.4,1919.9,554.6,2721104.6,1256527.7,9.044454,47.448388,
28187.5,1930,554.9,2721098.2,1256535.5,9.044371,47.44846,
28197.5,1940,554.9,2721092,1256543.3,9.044291,47.448531,
28207.5,1950,555,2721086,1256551.3,9.044214,47.448604,
28217.5,1960,555.2,2721080.1,1256559.4,9.044138,47.448678,
28227.5,1970,555.3,2721074.5,1256567.7,9.044066,47.448753,
28237.4,1979.9,555.4,2721069,1256576,9.043995,47.448829,
28247.5,1990,555.3,2721063.7,1256584.5,9.043927,47.448907,
28257.5,2000,555.6,2721058.5,1256593.1,9.043861,47.448985,
28267.5,2010,555.4,2721053.6,1256601.8,9.043798,47.449064,
28277.5,2020,555.8,2721048.9,1256610.6,9.043738,47.449144,
28287.5,2030,555.9,2721044.3,1256619.5,9.04368,47.449225,
28297.5,2040,555.7,2721039.9,1256628.5,9.043624,47.449307,
28307.5,2050,555.8,2721035.8,1256637.6,9.043572,47.449389,
28317.4,2059.9,555.9,2721031.8,1256646.7,9.043521,47.449472,
28327.5,2070,556.1,2721028,1256656,9.043474,47.449556,
28337.4,2079.9,556.4,2721024.5,1256665.3,9.04343,47.44964,
28347.5,2090,556.5,2721021.1,1256674.8,9.043387,47.449726,
28357.5,2100,556.4,2721018,1256684.3,9.043349,47.449812,
28367.5,2110,556.5,2721015,1256693.8,9.043311,47.449898,
28377.4,2119.9,556.7,2721012.3,1256703.4,9.043278,47.449985,
28387.4,2129.9,556.6,2721009.8,1256713.1,9.043248,47.450073,
28397.4,2139.9,556.8,2721007.4,1256722.8,9.043219,47.450161,
28407.5,2150,556.9,2721005.3,1256732.6,9.043193,47.450249,
28417.4,2159.9,557,2721003.4,1256742.4,9.043171,47.450337,
28427.5,2170,557,2721001.8,1256752.3,9.043152,47.450427,
28437.5,2180,557.3,2721000.3,1256762.2,9.043135,47.450516,
28447.5,2190,557.5,2720999.1,1256772.1,9.043122,47.450605,
28457.4,2199.9,557.5,2720998,1256782,9.04311,47.450695,
28467.5,2210,557.7,2720997.2,1256792,9.043102,47.450785,
28477.5,2220,557.7,2720996.6,1256802,9.043097,47.450875,
28487.5,2230,557.8,2720996.2,1256812,9.043094,47.450965,
28497.5,2240,557.8,2720996.1,1256822,9.043096,47.451055,
28507.5,2250,557.9,2720996.1,1256832,9.043098,47.451145,
28517.5,2260,558.1,2720996.4,1256842,9.043105,47.451234,
28527.5,2270,558.3,2720996.9,1256852,9.043114,47.451324,
28537.4,2279.9,558,2720997.6,1256861.9,9.043126,47.451413,
28547.5,2290,558.4,2720998.5,1256871.9,9.043141,47.451503,
28557.4,2299.9,558.2,2720999.7,1256881.8,9.04316,47.451592,
28567.4,2309.9,558.5,2721001,1256891.7,9.04318,47.45168,
28577.4,2319.9,558.6,2721002.5,1256901.6,9.043202,47.451769,
28587.5,2330,558.7,2721004.2,1256911.5,9.043227,47.451858,
28597.5,2340,558.7,2721006.1,1256921.3,9.043255,47.451946,
28607.4,2349.9,558.8,2721008,1256931.1,9.043283,47.452033,
28617.4,2359.9,558.9,2721010,1256940.9,9.043312,47.452121,
28627.4,2369.9,559,2721012,1256950.7,9.043341,47.452209,
28637.5,2380,559.1,2721014.1,1256960.5,9.043372,47.452297,
28638,2380.5,559.1,2721014.2,1256961,9.043373,47.452301,
28647.9,9.9,559.2,2721016.3,1256970.7,9.043404,47.452388,
28657.9,19.9,559.3,2721018.4,1256980.5,9.043434,47.452476,
28668,30,559.4,2721020.5,1256990.3,9.043465,47.452564,
28678,40,559.5,2721022.5,1257000.1,9.043494,47.452651,
28688,50,559.5,2721024.6,1257009.9,9.043524,47.452739,
28697.9,59.9,559.7,2721026.7,1257019.6,9.043555,47.452826,
28707.9,69.9,559.8,2721028.8,1257029.4,9.043585,47.452914,
28718,80,559.9,2721030.9,1257039.2,9.043616,47.453001,
28728,90,560,2721032.9,1257049,9.043645,47.453089,
28738,100,560.1,2721035,1257058.8,9.043676,47.453177,
28748,110,560.2,2721037.1,1257068.6,9.043706,47.453265,
28757.9,119.9,560.3,2721039.2,1257078.3,9.043737,47.453351,
28768,130,560.3,2721041.3,1257088.1,9.043767,47.453439,
28778,140,560.4,2721043.3,1257097.9,9.043796,47.453527,
28788,150,560.5,2721045.4,1257107.7,9.043827,47.453615,
28798,160,560.6,2721047.5,1257117.5,9.043857,47.453702,
28807.9,169.9,560.7,2721049.6,1257127.2,9.043888,47.453789,
28818,180,560.8,2721051.7,1257137,9.043918,47.453877,
28828,190,560.9,2721053.7,1257146.8,9.043947,47.453965,
28838,200,561,2721055.8,1257156.6,9.043978,47.454052,
28848,210,561.1,2721057.9,1257166.4,9.044008,47.45414,
28857.9,219.9,561.2,2721060,1257176.1,9.044039,47.454227,
28867.9,229.9,561.3,2721062.1,1257185.9,9.044069,47.454315,
28877.9,239.9,561.3,2721064.1,1257195.7,9.044099,47.454402,
28888,250,561.4,2721066.2,1257205.5,9.044129,47.45449,
28898,260,561.5,2721068.3,1257215.3,9.04416,47.454578,
28908,270,561.6,2721070.4,1257225.1,9.04419,47.454666,
28917.9,279.9,561.8,2721072.5,1257234.8,9.04422,47.454753,
28927.9,289.9,561.9,2721074.5,1257244.6,9.04425,47.45484,
28938,300,562,2721076.6,1257254.4,9.04428,47.454928,
28948,310,562.1,2721078.7,1257264.2,9.044311,47.455016,
28958,320,562.2,2721080.8,1257274,9.044341,47.455103,
28967.9,329.9,562.3,2721082.9,1257283.7,9.044372,47.45519,
28977.9,339.9,562.4,2721084.9,1257293.5,9.044401,47.455278,
28988,350,562.5,2721087,1257303.3,9.044431,47.455366,
28998,360,562.6,2721089.1,1257313.1,9.044462,47.455454,
29008,370,562.6,2721091.2,1257322.9,9.044492,47.455541,
29017.9,379.9,562.8,2721093.3,1257332.6,9.044523,47.455628,
29028,390,562.9,2721095.4,1257342.4,9.044553,47.455716,
29038,400,563,2721097.4,1257352.2,9.044582,47.455804,
29048,410,563.2,2721099.5,1257362,9.044613,47.455891,
29058,420,563.2,2721101.6,1257371.8,9.044643,47.455979,
29068,430,563.3,2721103.7,1257381.6,9.044674,47.456067,
29077.9,439.9,563.4,2721105.8,1257391.3,9.044704,47.456154,
29087.9,449.9,563.6,2721107.8,1257401.1,9.044734,47.456241,
29098,460,563.7,2721109.9,1257410.9,9.044764,47.456329,
29108,470,563.7,2721112,1257420.7,9.044795,47.456417,
29118,480,563.8,2721114.1,1257430.5,9.044825,47.456505,
29127.9,489.9,563.9,2721116.2,1257440.2,9.044856,47.456591,
29137.9,499.9,564,2721118.2,1257450,9.044885,47.456679,
29148,510,564.1,2721120.3,1257459.8,9.044915,47.456767,
29158,520,564.2,2721122.4,1257469.6,9.044946,47.456855,
29168,530,564.3,2721124.5,1257479.4,9.044976,47.456942,
29177.9,539.9,564.4,2721126.6,1257489.1,9.045007,47.457029,
29187.9,549.9,564.5,2721128.6,1257498.9,9.045036,47.457117,
29198,560,564.6,2721130.7,1257508.7,9.045066,47.457205,
29208,570,564.7,2721132.8,1257518.5,9.045097,47.457292,
29218,580,564.8,2721134.9,1257528.3,9.045127,47.45738,
29228,590,564.9,2721137,1257538.1,9.045158,47.457468,
29237.9,599.9,565,2721139,1257547.8,9.045187,47.457555,
29248,610,565.1,2721141.1,1257557.6,9.045218,47.457643,
29258,620,565.3,2721143.2,1257567.4,9.045248,47.45773,
29268,630,565.4,2721145.3,1257577.2,9.045279,47.457818,
29278,640,565.5,2721147.4,1257587,9.045309,47.457906,
29287.9,649.9,565.6,2721149.4,1257596.7,9.045338,47.457993,
29297.9,659.9,565.7,2721151.4,1257606.5,9.045367,47.45808,
29308,670,565.8,2721153.4,1257616.4,9.045397,47.458169,
29318,680,565.9,2721155.2,1257626.2,9.045423,47.458257,
29328,690,566,2721156.8,1257636.1,9.045447,47.458346,
29338,700,566,2721158.2,1257646,9.045468,47.458434,
29348,710,566.2,2721159.4,1257655.9,9.045487,47.458523,
29357.9,719.9,566.1,2721160.3,1257665.8,9.045502,47.458612,
29368,730,566.3,2721161,1257675.8,9.045514,47.458702,
29378,740,566.6,2721161.4,1257685.8,9.045522,47.458792,
29388,750,566.7,2721161.5,1257695.8,9.045526,47.458881,
29398,760,566.8,2721161.3,1257705.8,9.045526,47.458971,
29408,770,566.8,2721160.9,1257715.8,9.045523,47.459061,
29418,780,566.8,2721160.2,1257725.8,9.045517,47.459151,
29427.9,789.9,567.1,2721159.2,1257735.7,9.045506,47.459241,
29437.9,799.9,567,2721158,1257745.6,9.045493,47.45933,
29447.9,809.9,567.2,2721156.5,1257755.5,9.045476,47.459419,
29458,820,567.3,2721154.7,1257765.4,9.045454,47.459509,
29468,830,567.4,2721152.7,1257775.2,9.045431,47.459597,
29478,840,567.5,2721150.4,1257784.9,9.045403,47.459685,
29488,850,567.7,2721147.9,1257794.6,9.045372,47.459772,
29498,860,567.9,2721145.1,1257804.2,9.045338,47.459859,
29508,870,567.9,2721142,1257813.7,9.045299,47.459945,
29518,880,568.2,2721138.8,1257823.2,9.045259,47.460031,
29527.9,889.9,568.4,2721135.3,1257832.5,9.045215,47.460116,
29538,900,568.4,2721131.5,1257841.8,9.045168,47.4602,
29548,910,568.6,2721127.6,1257851,9.045118,47.460283,
29558,920,568.8,2721123.3,1257860,9.045064,47.460365,
29568,930,568.9,2721118.9,1257869,9.045008,47.460447,
29578,940,569,2721114.3,1257877.9,9.044949,47.460528,
29588,950,569.3,2721109.4,1257886.6,9.044887,47.460607,
29598,960,569.2,2721104.2,1257895.2,9.04482,47.460685,
29608,970,569.4,2721098.8,1257903.6,9.044751,47.460762,
29617.9,979.9,569.5,2721093.2,1257911.8,9.044679,47.460836,
29628,990,569.7,2721087.3,1257919.9,9.044603,47.46091,
29637.9,999.9,569.8,2721081.2,1257927.8,9.044524,47.460982,
29648,1010,570,2721074.9,1257935.6,9.044443,47.461054,
29658,1020,569.9,2721068.3,1257943.1,9.044357,47.461122,
29668,1030,570.2,2721061.5,1257950.5,9.044269,47.46119,
29678,1040,570.3,2721054.5,1257957.6,9.044178,47.461255,
29687.9,1049.9,570.3,2721047.3,1257964.5,9.044084,47.461319,
29697.9,1059.9,570.6,2721039.9,1257971.2,9.043988,47.46138,
29707.9,1069.9,570.3,2721032.3,1257977.7,9.043889,47.46144,
29718,1080,570.3,2721024.5,1257984,9.043787,47.461498,
29727.9,1089.9,570.4,2721016.6,1257990.1,9.043684,47.461555,
29738,1100,570.4,2721008.5,1257996.1,9.043579,47.46161,
29747.9,1109.9,570.9,2721000.4,1258001.8,9.043473,47.461663,
29758,1120,570.7,2720992,1258007.4,9.043363,47.461715,
29768,1130,570.9,2720983.6,1258012.7,9.043253,47.461764,
29777.9,1139.9,571,2720975.1,1258017.9,9.043142,47.461812,
29788,1150,570.8,2720966.4,1258022.9,9.043028,47.461859,
29798,1160,570.9,2720957.6,1258027.7,9.042912,47.461904,
29808,1170,570.7,2720948.7,1258032.3,9.042795,47.461947,
29818,1180,571,2720939.7,1258036.7,9.042677,47.461988,
29828,1190,570.8,2720930.6,1258040.8,9.042558,47.462026,
29838,1200,570.9,2720921.4,1258044.7,9.042437,47.462063,
29848,1210,570.8,2720912.1,1258048.4,9.042314,47.462098,
29858,1220,570.9,2720902.7,1258051.8,9.042191,47.46213,
29868,1230,571,2720893.2,1258054.8,9.042066,47.462159,
29878,1240,570.9,2720883.6,1258057.7,9.041939,47.462187,
29888,1250,570.9,2720873.9,1258060.2,9.041811,47.462211,
29897.9,1259.9,570.8,2720864.2,1258062.4,9.041683,47.462233,
29907.9,1269.9,570.8,2720854.4,1258064.4,9.041554,47.462252,
29918,1280,570.7,2720844.5,1258066.1,9.041423,47.46227,
29928,1290,570.8,2720834.6,1258067.5,9.041292,47.462284,
29938,1300,570.8,2720824.7,1258068.8,9.041161,47.462298,
29947.9,1309.9,570.7,2720814.8,1258070,9.04103,47.46231,
29952.2,1314.2,570.7,2720810.6,1258070.4,9.040975,47.462314,
